Month,AllFuelsGen,CoalGen,PetroleumGen,NatGasGen,OtherGasGen,NuclearGen,HydroGen,RenewablesGen,HydroStorageGen,OtherGen,GeothermalGen,IndepGen,GDP,AvgTemp,AvgMaxTemp,AvgRelHum,Price,HydroCons,GeoCons,SolarCons,WindCons,WoodCons,WasteCons,BiofuelsCons,BiomassCons,RenCons,NatGasPrice,ResNatGasPrice,CommNatGasPrice,IndNatGasPrice,ElecPowerNatGasPrice,ElecPowerElecNetGen,CommElecNetGen,IndElecNetGen,TotElecNetGen,ElecImports,ElecExports,ElecNetImports,TDLosses,RetailElecSales,DirectElecUse,EndElecUse,ResPrice,CommPrice,IndPrice,AvgRetailPrice,ResNatGasCons,CommNatGasCons,IndLPNatGasCons,OtherIndNatGasCons,OtherNonCHPIndNatGasCons,TotIndOtherNatGasCons,TotIndNatGasCons,PDTransNatGasCons,FuelTransNatGasCons,TotTransNatGasCons,ElecPowerNatGasCons,TotNatGasCons,ElecCoalCons,ElecNatGasCons,TotRetailElecSales,TotCoalCons,CA_GDP,CoalCap,LargeHydroCap,NatGasCap,NuclearCap,OilCap,BiomassCap,GeothermalCap,SmallHydroCap,SolarPVCap,SolarThermalCap,WindCap,TotalElecCap
2001-01-01,16618.89,199.86,263.92,10192.49,97.57,2380.0,1590.1,1717.4,-36.26,18.03,1085.73,1085.78,1638.07,52.22,60.48,51.45,8.71,194.8,14.61,3.1,4.02,175.98,30.81,23.74,230.53,447.07,8.91,10.12,9.5,8.84,9.55,318.74,0.63,13.13,332.49,3.42,1.55,1.87,9.22,310.85,14.29,325.14,7.73,7.25,4.75,6.75,976.68,500.27,95.6,110.93,575.61,686.54,782.14,76.39,1.24,77.62,340.29,2677.0,85.43,94388.27,21744.32,154.43,1638.07,429.0,11848.0,30375.0,4456.0,565.0,1143.0,2625.0,1751.0,2.0,410.0,1534.0,55364.0
2001-02-01,14380.39,184.14,175.65,8870.58,101.84,2229.87,1290.01,1504.66,-172.96,17.3,951.16,951.21,1637.15,50.04,57.29,71.37,9.63,180.55,12.81,3.4,4.46,155.97,27.21,20.08,203.26,404.48,7.08,10.26,9.8,7.21,7.18,270.97,0.55,11.42,282.94,3.32,2.85,0.46,-1.35,272.32,12.43,284.76,8.04,7.51,4.81,6.87,780.48,422.41,86.82,98.42,541.61,640.03,726.85,65.77,1.12,66.89,312.84,2309.46,82.33,82259.19,18305.56,138.33,1637.15,429.0,11836.75,30567.83,4456.0,563.08,1142.67,2624.83,1750.42,2.0,407.33,1534.83,55540.83
2001-03-01,15848.63,102.5,119.55,9474.18,103.13,2468.63,1764.77,1788.32,-152.66,16.49,1052.63,1052.67,1636.24,56.12,67.1,77.43,9.89,211.59,14.21,4.83,5.5,168.14,30.32,21.55,220.01,456.13,6.1,9.85,9.14,6.3,5.91,287.7,0.55,12.45,300.71,3.53,1.79,1.73,19.62,269.32,13.51,282.83,8.32,7.7,4.87,7.01,681.88,375.69,96.44,107.76,557.16,664.92,761.36,63.63,1.24,64.86,362.84,2246.63,43.27,87836.61,21351.41,108.27,1636.24,429.0,11825.5,30760.67,4456.0,561.17,1142.33,2624.67,1749.83,2.0,404.67,1535.67,55717.67
2001-04-01,15841.02,205.59,90.02,9208.77,92.26,2318.67,2096.46,1797.49,-143.87,13.42,966.04,966.08,1635.32,54.87,65.57,72.8,9.88,186.13,13.16,5.37,7.08,163.97,30.12,18.71,212.8,424.53,6.3,10.16,9.01,6.08,5.82,265.86,0.55,11.67,278.08,3.79,1.42,2.38,13.43,254.33,12.7,267.02,8.46,7.73,4.87,7.02,400.73,255.36,92.6,100.58,521.48,622.05,714.66,50.74,1.2,51.93,384.49,1807.17,90.97,84775.23,18855.6,155.97,1635.32,429.0,11814.25,30953.5,4456.0,559.25,1142.0,2624.5,1749.25,2.0,402.0,1536.5,55894.5
2001-05-01,16874.5,200.48,103.19,9698.87,108.04,1667.93,3045.22,1831.97,34.61,16.19,960.34,960.37,1634.4,66.45,81.29,72.58,9.82,198.14,12.98,6.32,6.56,161.46,29.83,19.58,210.86,434.87,5.77,11.14,9.19,5.46,5.29,288.17,0.58,11.75,300.49,4.42,1.55,2.87,26.11,264.44,12.8,277.25,8.83,7.77,5.0,7.17,209.33,164.15,94.98,103.46,473.07,576.53,671.51,42.24,1.24,43.47,433.92,1522.38,86.68,87603.94,19862.26,149.68,1634.4,429.0,11803.0,31146.33,4456.0,557.33,1141.67,2624.33,1748.67,2.0,399.33,1537.33,56071.33
2001-06-01,18071.78,215.8,55.43,9350.11,99.96,3100.8,3053.9,1982.98,24.6,18.23,960.21,960.24,1633.49,72.16,86.67,56.36,11.34,214.18,13.09,6.48,6.92,163.77,30.13,16.69,210.6,451.26,5.38,11.58,8.5,4.75,4.37,315.15,0.6,11.95,327.69,3.7,1.28,2.42,27.1,289.98,13.03,303.01,9.07,8.13,5.23,7.58,146.84,135.45,91.22,105.23,431.59,536.82,628.04,40.04,1.2,41.24,492.82,1444.38,93.18,87720.22,21194.24,158.18,1633.49,429.0,11791.75,31339.17,4456.0,555.42,1141.33,2624.17,1748.08,2.0,396.67,1538.17,56248.17
2001-07-01,19794.56,223.66,47.05,10845.77,107.27,3294.61,3002.48,2063.54,-0.67,17.68,1048.48,1048.51,1632.57,71.29,88.23,61.81,13.47,186.81,14.09,6.76,6.56,169.42,31.4,23.4,224.22,438.44,4.03,11.22,7.9,4.1,3.85,343.83,0.73,13.05,357.61,3.52,1.17,2.35,29.8,315.85,14.31,330.16,9.03,8.41,5.56,7.87,123.78,130.42,93.64,113.69,456.38,570.07,663.7,44.52,1.24,45.75,634.43,1598.07,96.16,97027.33,21538.59,164.16,1632.57,429.0,11780.5,31532.0,4456.0,553.5,1141.0,2624.0,1747.5,2.0,394.0,1539.0,56425.0
2001-08-01,20307.44,226.38,19.5,11506.27,102.43,3280.14,2809.36,2040.65,135.8,19.13,1037.35,1037.37,1631.65,75.85,92.65,50.92,13.12,195.44,13.97,6.63,5.96,173.36,31.26,18.94,223.55,445.55,4.32,10.89,7.61,3.99,3.65,356.15,0.81,13.57,370.53,3.75,1.16,2.59,25.93,332.26,14.94,347.19,9.01,8.35,5.49,7.84,116.93,133.69,94.09,118.55,471.32,589.88,683.96,46.61,1.24,47.84,686.75,1669.18,101.18,104532.24,23772.49,169.18,1631.65,429.0,11769.25,31724.83,4456.0,551.58,1140.67,2623.83,1746.92,2.0,391.33,1539.83,56601.83
2001-09-01,16852.63,182.55,15.85,9412.64,78.93,3163.65,2028.14,1843.36,-41.53,15.9,1020.04,1020.04,1630.73,73.05,89.63,56.45,13.13,157.64,13.62,5.91,5.07,163.67,29.56,20.37,213.59,395.83,3.66,10.17,6.96,3.5,3.03,293.88,0.64,12.41,306.93,1.94,1.32,0.62,-2.05,296.04,13.55,309.59,8.92,8.22,5.3,7.62,127.48,143.34,91.76,112.26,466.33,578.59,670.35,41.5,1.2,42.69,510.26,1494.13,77.19,88068.69,20600.9,142.19,1630.74,429.0,11758.0,31917.67,4456.0,549.67,1140.33,2623.67,1746.33,2.0,388.67,1540.67,56778.67
2001-10-01,15929.26,137.02,15.36,8943.0,66.82,2960.69,1819.15,1759.08,8.8,16.87,1022.34,1022.34,1629.82,67.77,82.61,59.15,12.74,157.42,13.91,4.99,6.27,174.18,30.48,25.01,229.68,412.27,3.37,8.24,6.39,3.18,2.78,281.39,0.62,12.72,294.73,1.78,0.8,0.98,14.26,267.6,13.86,281.46,8.84,8.27,5.06,7.43,237.47,185.36,95.68,114.31,502.98,617.29,712.97,45.97,1.24,47.2,466.08,1649.07,63.01,79809.46,21599.96,118.01,1629.82,429.0,11746.75,32110.5,4456.0,547.75,1140.0,2623.5,1745.75,2.0,386.0,1541.5,56955.5
2001-11-01,13419.39,143.41,15.16,7011.48,66.37,3067.78,1357.03,1610.57,-44.34,16.41,1022.45,1022.45,1628.9,59.8,70.4,61.64,11.16,159.26,13.81,4.07,4.86,166.01,30.81,22.21,219.02,401.01,4.02,7.98,6.79,3.88,3.33,266.16,0.55,12.23,278.93,2.14,0.99,1.15,13.87,252.94,13.27,266.22,8.48,7.73,4.78,7.02,360.72,230.55,91.35,108.75,510.2,618.95,710.3,47.63,1.2,48.82,350.55,1700.95,62.96,63037.92,18974.19,122.96,1628.9,429.0,11735.5,32303.33,4456.0,545.83,1139.67,2623.33,1745.17,2.0,383.33,1542.33,57132.33
2001-12-01,14657.59,211.49,14.56,7418.12,105.88,3286.76,1685.15,1689.59,38.78,18.68,1054.53,1054.53,1627.98,52.57,60.71,54.51,11.07,199.91,14.21,3.76,6.36,169.92,31.95,22.37,224.24,448.48,3.9,7.3,6.35,3.69,3.15,292.06,0.61,12.82,305.5,3.22,0.6,2.62,25.62,268.54,13.95,282.49,8.29,7.66,4.78,7.03,609.03,346.04,94.38,115.69,526.87,642.56,736.94,59.95,1.24,61.18,367.02,2120.2,89.71,66429.15,19959.27,157.71,1627.98,429.0,11724.25,32496.17,4456.0,543.92,1139.33,2623.17,1744.58,2.0,380.67,1543.17,57309.17
2002-01-01,14591.1,203.42,8.48,6687.45,103.44,3246.89,2515.53,1812.0,-162.15,34.22,1147.97,1052.66,1631.46,54.04,63.29,47.27,11.32,221.72,15.11,3.06,8.25,169.37,33.7,23.79,226.85,475.0,3.79,7.38,6.51,4.05,3.1,306.17,0.6,13.17,319.94,3.31,0.84,2.47,17.14,290.97,14.3,305.27,8.07,7.49,4.73,6.95,815.23,435.23,95.51,113.89,572.22,686.11,781.62,72.86,1.27,74.13,381.43,2487.64,87.3,57783.39,19863.79,153.55,1631.46,429.0,11713.0,32689.0,4456.0,542.0,1139.0,2623.0,1744.0,2.0,378.0,1544.0,57486.0
2002-02-01,12655.47,183.98,17.69,5888.04,79.38,2868.84,1920.92,1626.95,-65.14,31.08,1010.23,912.11,1634.93,59.6,70.89,38.86,11.17,205.41,13.34,3.41,7.26,148.46,29.73,21.19,199.37,428.79,3.76,7.23,6.4,3.7,2.86,269.48,0.5,11.85,281.83,2.79,0.86,1.93,7.2,263.73,12.83,276.56,8.19,7.68,4.76,6.97,712.86,399.91,86.02,99.87,532.75,632.62,718.64,65.63,1.15,66.77,344.24,2242.43,89.9,49870.08,17781.3,151.52,1634.93,429.0,11713.0,32858.33,4456.0,542.0,1134.33,2623.0,1743.67,2.0,378.0,1546.25,57652.58
2002-03-01,15788.66,213.43,6.82,7704.1,115.71,3227.0,2452.48,1933.86,-53.87,33.52,1117.73,1030.25,1638.4,55.29,67.77,51.49,11.35,213.72,14.68,4.82,8.67,159.64,33.92,21.04,214.6,456.49,3.84,7.1,6.28,3.78,3.37,289.32,0.57,12.65,302.55,3.31,1.79,1.53,22.88,267.46,13.74,281.2,8.17,7.72,4.73,6.95,660.43,372.85,95.65,106.89,548.96,655.85,751.5,65.87,1.27,67.14,406.52,2258.43,94.77,67319.51,18227.13,160.12,1638.41,429.0,11713.0,33027.67,4456.0,542.0,1129.67,2623.0,1743.33,2.0,378.0,1548.5,57819.17
2002-04-01,13995.83,158.37,16.41,5634.56,114.72,3111.28,2913.9,1895.4,-0.75,27.19,1005.02,918.36,1641.88,57.28,71.43,70.29,10.99,246.66,13.29,5.28,10.42,158.34,31.6,22.43,212.37,488.02,4.21,7.66,6.56,3.64,3.8,277.13,0.55,12.18,289.85,3.41,1.73,1.68,20.37,257.95,13.21,271.16,8.37,7.68,4.73,6.95,415.2,267.21,92.0,97.36,549.17,646.53,738.53,54.44,1.23,55.67,404.38,1880.99,84.48,47627.25,18614.31,144.85,1641.88,429.0,11713.0,33197.0,4456.0,542.0,1125.0,2623.0,1743.0,2.0,378.0,1550.75,57985.75
2002-05-01,13934.16,166.26,6.9,5661.77,105.9,2181.98,3462.76,2077.29,101.11,33.69,1100.67,1006.85,1645.35,61.9,76.97,66.93,12.11,271.24,14.39,5.9,10.96,168.01,32.9,23.84,224.76,527.24,4.07,8.54,6.68,4.07,3.78,294.52,0.57,12.59,307.68,2.39,1.77,0.63,25.31,269.32,13.67,282.99,8.64,7.84,4.78,7.11,255.08,192.07,94.8,107.13,504.85,611.97,706.78,46.15,1.27,47.42,410.11,1611.45,77.06,48577.68,18614.75,139.07,1645.35,429.0,11713.0,33366.33,4456.0,542.0,1120.33,2623.0,1742.67,2.0,378.0,1553.0,58152.33
2002-06-01,16343.68,204.99,4.45,7874.93,144.88,2217.45,3379.49,2234.09,83.88,34.14,1050.61,946.47,1648.83,68.62,85.23,67.53,12.75,287.01,13.66,6.33,11.46,159.33,33.37,21.85,214.54,533.0,4.15,9.58,6.8,3.86,3.61,327.55,0.64,12.83,341.02,3.15,1.34,1.81,32.38,296.47,13.99,310.46,8.73,8.18,5.03,7.45,159.97,146.15,91.81,102.42,493.26,595.67,687.48,45.6,1.23,46.83,550.94,1591.37,96.47,68439.19,19525.51,154.82,1648.83,429.0,11713.0,33535.67,4456.0,542.0,1115.67,2623.0,1742.33,2.0,378.0,1555.25,58318.92
2002-07-01,19633.14,204.38,7.88,10383.13,143.05,3168.07,3282.22,2204.89,19.37,36.57,1123.78,1016.96,1652.3,74.71,92.05,57.82,13.77,259.11,14.86,6.5,9.06,176.43,35.26,24.56,236.26,525.79,3.95,10.31,6.62,3.8,3.49,366.98,0.74,13.82,381.54,4.29,0.71,3.59,32.72,337.29,15.13,352.41,8.82,8.33,5.27,7.68,125.07,136.84,95.23,110.69,495.1,605.79,701.01,50.36,1.27,51.63,733.89,1748.44,97.5,94270.1,22334.84,157.42,1652.3,429.0,11713.0,33705.0,4456.0,542.0,1111.0,2623.0,1742.0,2.0,378.0,1557.5,58485.5
2002-08-01,18765.89,208.09,6.91,9813.91,92.55,3195.92,3068.64,2189.72,-29.9,35.38,1122.14,1015.6,1655.78,77.0,94.33,38.08,13.27,214.49,14.5,6.33,9.94,163.56,35.43,24.98,223.96,469.22,3.67,10.44,6.45,3.62,3.42,360.35,0.8,13.44,374.59,4.07,1.11,2.96,24.65,338.12,14.79,352.9,8.72,8.24,5.15,7.58,115.68,135.72,94.0,107.94,503.88,611.82,705.82,49.64,1.27,50.91,717.59,1725.71,96.3,85237.52,22224.42,151.85,1655.78,429.0,11713.0,33874.33,4456.0,542.0,1106.33,2623.0,1741.67,2.0,378.0,1559.75,58652.08
2002-09-01,16987.4,201.93,12.05,9012.44,87.39,3150.39,2400.17,1954.53,-38.4,33.46,1085.05,981.34,1659.25,75.87,90.83,38.15,12.24,173.82,14.11,5.62,7.49,171.21,33.39,25.37,229.97,431.01,3.99,10.23,6.54,3.89,3.71,317.98,0.68,12.63,331.28,2.76,1.15,1.61,8.57,310.5,13.82,324.32,8.59,8.0,4.98,7.36,123.9,141.46,89.32,100.9,472.41,573.31,662.63,44.26,1.23,45.49,568.7,1542.17,88.7,79281.02,21095.01,152.47,1659.25,429.0,11713.0,34043.67,4456.0,542.0,1101.67,2623.0,1741.33,2.0,378.0,1562.0,58818.67
2002-10-01,14336.93,217.02,9.43,7070.81,100.2,2948.83,1864.41,1942.43,-7.85,36.28,1119.45,1012.52,1662.73,61.68,74.97,61.77,12.68,174.68,14.58,4.95,7.47,180.32,33.6,29.76,243.67,445.36,4.32,8.61,6.64,4.18,4.19,294.1,0.6,12.36,307.06,2.48,1.16,1.32,10.74,284.18,13.47,297.64,8.47,8.0,4.91,7.2,250.57,199.29,91.67,97.43,516.02,613.45,705.12,47.27,1.27,48.54,442.36,1645.87,101.96,61193.61,20947.43,163.32,1662.73,429.0,11713.0,34213.0,4456.0,542.0,1097.0,2623.0,1741.0,2.0,378.0,1564.25,58985.25
2002-11-01,12642.57,158.41,22.0,6585.9,61.95,2163.18,1771.02,1758.81,-51.95,25.57,1077.29,988.41,1666.2,64.02,73.77,37.74,12.09,200.71,14.05,4.09,6.67,166.49,33.84,32.21,232.53,458.06,4.65,7.99,6.89,4.72,4.35,283.37,0.55,12.36,296.29,2.54,1.6,0.93,20.77,263.03,13.42,276.45,8.31,7.64,4.71,6.94,483.19,298.09,91.84,97.39,534.88,632.27,724.11,55.39,1.23,56.62,351.61,1913.63,71.43,55732.45,16962.6,132.01,1666.2,429.0,11713.0,34382.33,4456.0,542.0,1092.33,2623.0,1740.67,2.0,378.0,1566.5,59151.83
2002-12-01,14535.21,207.54,12.43,7306.99,90.89,2872.5,2109.08,1777.01,-35.36,37.01,1113.68,1007.75,1669.67,53.09,62.0,56.14,11.94,220.43,14.59,3.65,7.68,174.13,35.27,32.34,241.74,488.1,4.74,7.87,7.16,4.92,4.72,311.52,0.62,12.7,324.83,2.27,1.74,0.53,25.07,286.46,13.83,300.3,8.08,7.59,4.72,6.96,771.63,419.36,95.26,98.3,563.48,661.78,757.04,69.47,1.27,70.74,360.12,2378.9,95.31,61552.52,19022.24,160.63,1669.67,429.0,11713.0,34551.67,4456.0,542.0,1087.67,2623.0,1740.33,2.0,378.0,1568.75,59318.42
2003-01-01,14215.33,210.75,7.12,6915.24,105.75,2610.66,2600.21,1788.37,-206.31,25.09,1138.31,1040.92,1675.96,63.38,73.1,39.07,11.52,208.58,15.06,3.0,6.4,169.56,34.43,30.72,234.72,467.76,5.28,8.18,7.48,5.65,5.33,327.45,0.62,13.93,341.99,3.06,1.74,1.33,23.95,304.26,15.11,319.37,8.0,7.45,4.92,7.0,945.98,514.95,94.99,106.35,581.47,687.82,782.81,72.82,1.55,74.37,382.44,2700.55,90.25,57058.43,19979.42,152.31,1675.96,429.0,11713.0,34721.0,4456.0,542.0,1083.0,2623.0,1740.0,2.0,378.0,1571.0,59485.0
2003-02-01,13116.46,194.89,6.13,6628.0,101.05,1754.26,2673.41,1703.78,-106.42,22.57,1020.01,932.08,1682.24,53.72,63.11,55.9,11.65,200.27,13.55,3.27,7.55,153.72,30.51,31.89,216.12,440.76,5.83,8.58,7.98,6.4,6.47,286.7,0.55,12.0,299.25,2.73,1.79,0.93,4.91,282.24,13.04,295.28,8.02,7.65,4.99,7.05,884.24,482.49,86.36,90.99,552.67,643.67,730.03,67.46,1.4,68.86,334.7,2500.32,84.43,55110.85,17313.0,142.59,1682.24,429.0,11733.75,34745.0,4456.0,542.0,1082.33,2623.0,1739.92,2.0,378.0,1612.08,59570.08
2003-03-01,14464.51,181.78,27.69,6956.6,162.22,2508.41,2579.21,1983.01,-116.78,23.08,1088.48,1009.0,1688.52,58.33,70.45,52.73,10.62,245.05,14.61,4.77,10.49,166.34,34.3,30.56,231.2,506.11,7.63,9.77,9.2,8.27,7.05,291.09,0.59,12.64,304.32,2.76,2.38,0.37,16.48,274.47,13.74,288.22,8.35,7.78,5.02,7.16,674.58,388.19,97.72,93.58,522.38,615.96,713.68,58.69,1.55,60.24,361.24,2197.94,75.91,55695.84,18402.46,138.45,1688.52,429.0,11754.5,34769.0,4456.0,542.0,1081.67,2623.0,1739.83,2.0,378.0,1653.17,59655.17
2003-04-01,13673.53,123.76,24.44,5627.68,142.98,2805.37,2802.48,1994.03,5.5,26.82,1037.87,948.91,1694.8,54.81,66.97,63.07,11.73,250.69,14.06,5.31,11.06,162.81,33.33,32.59,228.74,509.85,5.6,10.18,8.97,5.96,5.38,273.02,0.58,12.16,285.76,2.56,1.72,0.84,16.65,256.71,13.23,269.94,8.82,7.93,4.99,7.27,414.5,261.07,93.57,90.63,484.0,574.62,668.19,46.11,1.5,47.61,352.16,1743.53,49.37,45891.51,17997.58,98.58,1694.8,429.0,11775.25,34793.0,4456.0,542.0,1081.0,2623.0,1739.75,2.0,378.0,1694.25,59740.25
2003-05-01,15699.59,168.22,22.32,5446.76,151.03,3310.33,4508.15,1970.77,-59.2,17.6,1050.34,956.18,1701.08,64.1,78.97,60.12,12.15,297.63,14.16,5.87,10.19,163.89,33.24,32.69,229.83,557.68,5.69,10.79,8.71,5.78,5.7,294.24,0.6,12.71,307.55,2.78,2.38,0.4,25.34,268.79,13.82,282.61,8.99,8.06,5.06,7.42,247.69,179.07,95.54,93.99,463.18,557.17,652.71,39.66,1.55,41.21,394.02,1514.7,65.59,44811.4,18261.64,133.79,1701.08,429.0,11796.0,34817.0,4456.0,542.0,1080.33,2623.0,1739.67,2.0,378.0,1735.33,59825.33
2003-06-01,16354.81,197.73,57.82,6278.05,149.76,3071.41,4225.8,2239.39,-69.15,23.44,1104.11,1012.72,1707.36,65.28,79.4,70.61,13.0,289.44,14.63,6.15,10.6,162.64,32.92,31.84,227.4,548.22,6.4,12.08,9.0,6.59,6.08,315.31,0.62,12.76,328.69,2.87,2.48,0.39,24.73,290.45,13.91,304.36,9.25,8.44,5.28,7.78,157.45,134.3,92.52,94.01,417.33,511.34,603.86,35.65,1.5,37.15,435.6,1368.37,81.42,52365.93,20122.94,145.57,1707.36,429.0,11816.75,34841.0,4456.0,542.0,1079.67,2623.0,1739.58,2.0,378.0,1776.42,59910.42
2003-07-01,21007.16,216.01,68.79,10817.37,168.69,3298.4,4039.97,2166.92,-6.51,24.91,1108.36,1015.0,1713.64,78.39,94.97,47.61,13.84,251.54,14.76,6.12,9.65,174.31,34.98,32.47,241.77,523.84,5.83,12.75,8.73,5.69,5.45,360.12,0.71,13.57,374.4,3.73,1.42,2.3,27.66,334.21,14.83,349.04,9.21,8.55,5.54,8.02,126.62,131.88,93.67,98.69,475.69,574.37,668.05,42.11,1.55,43.66,630.27,1600.48,86.15,91280.77,23328.7,155.22,1713.64,429.0,11837.5,34865.0,4456.0,542.0,1079.0,2623.0,1739.5,2.0,378.0,1817.5,59995.5
2003-08-01,19727.91,210.4,81.08,10189.55,157.67,3310.86,3480.52,2120.78,-41.26,23.94,1096.97,1002.83,1719.92,79.05,95.55,34.81,12.73,232.59,14.67,6.06,8.26,171.77,34.56,34.45,240.78,502.36,5.48,12.84,8.4,5.28,5.23,367.42,0.72,13.68,381.82,3.61,1.41,2.21,27.25,341.82,14.95,356.77,9.22,8.46,5.48,7.97,115.85,130.83,95.58,102.49,478.28,580.78,676.35,43.48,1.55,45.03,683.51,1651.58,85.52,86050.85,23466.08,157.03,1719.92,429.0,11858.25,34889.0,4456.0,542.0,1078.33,2623.0,1739.42,2.0,378.0,1858.58,60080.58
2003-09-01,18012.67,213.89,48.01,9442.93,150.83,3197.72,2830.33,1999.34,-77.07,22.97,1083.08,991.86,1726.2,75.16,92.83,49.94,10.24,187.12,14.44,5.52,9.06,164.17,32.63,32.48,229.27,445.41,5.58,12.31,8.41,5.32,5.12,309.75,0.64,12.74,323.14,1.72,2.12,-0.4,2.25,306.59,13.9,320.49,8.92,8.15,5.19,7.61,128.62,136.09,92.08,95.11,469.3,564.41,656.49,37.35,1.5,38.85,468.51,1428.55,85.31,78503.91,23341.42,154.53,1726.2,429.0,11879.0,34913.0,4456.0,542.0,1077.67,2623.0,1739.33,2.0,378.0,1899.67,60165.67
2003-10-01,16924.68,205.73,34.53,8937.38,149.02,3303.65,2208.75,1949.13,-59.7,22.46,1097.42,1005.09,1732.48,73.07,87.61,46.06,10.72,186.59,14.43,4.88,9.08,169.08,32.83,35.23,237.13,452.11,5.33,10.64,8.28,4.93,4.98,293.29,0.64,12.82,306.74,0.86,2.26,-1.4,13.99,277.38,13.97,291.35,8.85,8.09,5.07,7.39,231.56,176.73,95.21,95.14,503.44,598.58,693.79,40.74,1.55,42.29,408.82,1553.19,83.85,72547.99,21974.55,150.86,1732.48,429.0,11899.75,34937.0,4456.0,542.0,1077.0,2623.0,1739.25,2.0,378.0,1940.75,60250.75
2003-11-01,14342.39,201.18,13.04,7040.02,152.72,3185.76,1942.34,1732.58,-95.57,23.57,1020.89,975.28,1738.76,56.45,67.0,51.66,11.65,199.62,13.91,3.85,9.74,166.31,32.5,37.88,236.68,463.79,5.54,9.77,8.36,5.19,4.85,284.9,0.59,12.38,297.87,1.38,2.15,-0.77,20.65,262.98,13.47,276.44,8.72,7.85,4.86,7.19,413.66,256.26,91.03,89.85,506.75,596.6,687.63,46.46,1.5,47.96,348.13,1753.64,81.08,55350.37,18171.85,146.04,1738.76,429.0,11920.5,34961.0,4456.0,542.0,1076.33,2623.0,1739.17,2.0,378.0,1981.83,60335.83
2003-12-01,15249.5,201.98,5.11,7152.61,167.29,3236.98,2479.54,1897.01,-79.84,25.04,1135.92,1041.38,1745.04,54.23,63.06,45.68,11.26,243.45,15.16,3.56,11.19,177.45,35.12,40.29,252.86,526.22,5.89,9.51,8.62,5.9,5.69,317.89,0.64,13.15,331.68,2.33,2.11,0.22,23.73,293.84,14.33,308.16,8.3,7.7,4.87,7.14,738.6,387.65,94.01,92.92,552.17,645.09,739.09,60.96,1.55,62.52,335.81,2263.66,81.98,55828.95,20861.67,152.27,1745.04,429.0,11941.25,34985.0,4456.0,542.0,1075.67,2623.0,1739.08,2.0,378.0,2022.92,60420.92
2004-01-01,15284.73,209.73,12.71,7165.57,195.18,3078.68,2741.77,1807.98,-131.96,34.55,1144.59,1052.34,1752.36,54.91,65.32,45.74,11.08,230.2,15.49,2.97,10.01,183.99,32.32,40.19,256.5,515.17,6.41,9.71,9.06,6.72,6.37,332.3,0.69,13.56,346.55,2.28,2.15,0.13,24.02,307.86,14.8,322.66,8.24,7.7,5.01,7.22,962.91,506.72,94.39,101.38,578.69,680.08,774.46,68.61,1.74,70.34,361.4,2675.83,76.94,52988.52,20188.61,157.43,1752.36,429.0,11962.0,35009.0,4456.0,542.0,1075.0,2623.0,1739.0,2.0,378.0,2064.0,60506.0
2004-02-01,14469.3,210.96,11.13,7261.82,181.2,2431.68,2509.35,1768.38,-87.38,35.79,1072.39,984.97,1930.88,51.61,59.93,54.76,11.41,209.47,14.52,3.18,10.23,168.66,31.13,38.75,238.54,475.95,6.35,9.85,9.1,6.52,5.76,301.28,0.65,12.35,314.28,1.89,2.01,-0.12,14.23,286.43,13.51,299.94,8.33,7.85,5.04,7.25,857.45,477.63,87.75,98.18,550.6,648.78,736.52,64.41,1.63,66.03,373.47,2511.1,77.09,54240.46,17876.56,155.36,1760.88,429.0,11961.08,35305.67,4456.0,542.0,1075.42,2623.0,1739.33,2.0,378.0,2066.08,60804.5
2004-03-01,15867.47,206.8,27.75,7721.33,233.76,2096.48,3562.45,1932.44,-126.77,37.09,1092.78,1003.28,1766.98,64.09,76.32,53.14,10.98,229.51,14.95,4.76,12.93,175.74,32.95,39.95,248.63,510.78,6.23,10.03,9.05,5.97,5.5,295.51,0.63,12.67,308.81,1.76,2.69,-0.92,15.89,278.18,13.82,292.0,8.62,7.92,5.04,7.3,591.43,357.09,95.01,95.99,531.16,627.15,722.16,53.31,1.74,55.05,375.2,2100.92,76.78,60260.88,19782.73,157.43,1766.98,429.0,11960.17,35602.33,4456.0,542.0,1075.83,2623.0,1739.67,2.0,378.0,2068.17,61103.0
2004-04-01,15347.64,79.46,33.11,7544.69,172.48,2116.46,3441.2,1948.85,-149.96,33.87,1018.64,933.41,1774.29,61.91,75.83,60.7,10.23,209.21,14.08,5.23,12.97,175.96,32.19,40.26,248.41,489.9,6.31,10.54,9.02,6.06,5.74,277.6,0.62,12.33,290.56,2.08,2.08,0.0,14.26,262.85,13.46,276.31,8.93,7.89,5.09,7.34,379.64,253.14,91.48,93.4,492.56,585.95,677.43,43.95,1.68,45.63,389.33,1745.17,24.48,57035.06,19642.47,93.88,1774.29,429.0,11959.25,35899.0,4456.0,542.0,1076.25,2623.0,1740.0,2.0,378.0,2070.25,61401.5
2004-05-01,15718.95,164.02,12.26,7258.53,146.05,2459.21,3182.27,2248.94,56.59,35.14,1070.44,981.79,1781.6,68.07,81.23,47.59,10.86,240.58,14.62,5.96,17.04,169.78,33.52,41.67,244.96,523.17,6.48,11.63,9.23,6.34,6.3,313.92,0.7,12.77,327.38,2.45,2.27,0.18,34.54,279.04,13.99,293.02,9.07,7.99,5.18,7.46,213.65,172.98,92.13,101.27,466.81,568.08,660.21,39.36,1.74,41.09,485.11,1573.04,59.98,57073.45,18916.76,136.12,1781.6,429.0,11958.33,36195.67,4456.0,542.0,1076.67,2623.0,1740.33,2.0,378.0,2072.33,61700.0
2004-06-01,16367.12,191.85,6.47,7129.57,194.72,2749.7,3449.2,2371.5,30.88,36.05,1087.77,1002.65,1788.92,67.23,82.63,68.07,11.91,252.93,14.71,6.07,13.99,171.74,32.5,42.52,246.75,534.46,6.94,13.08,9.71,6.82,6.52,331.53,0.7,12.85,345.09,2.94,2.3,0.64,23.88,307.77,14.08,321.85,9.29,8.49,5.46,7.93,144.89,138.79,90.39,99.08,463.69,562.77,653.16,37.03,1.68,38.71,508.14,1483.68,69.78,56857.43,22036.14,146.56,1788.92,429.0,11957.42,36492.33,4456.0,542.0,1077.08,2623.0,1740.67,2.0,378.0,2074.42,61998.5
2004-07-01,20382.99,217.64,23.13,10565.57,162.45,3214.59,3618.24,2336.75,6.2,35.93,1134.35,1045.63,1796.23,74.65,91.77,50.26,12.39,233.56,15.32,6.27,11.66,183.59,33.0,40.6,257.19,524.0,6.68,13.54,9.65,6.41,6.24,362.93,0.76,13.64,377.33,4.17,1.27,2.9,31.36,333.91,14.96,348.86,9.36,8.63,5.63,8.11,124.88,128.67,92.94,108.08,462.57,570.65,663.59,39.65,1.74,41.39,626.4,1584.93,77.96,85213.34,22530.18,162.45,1796.23,429.0,11956.5,36789.0,4456.0,542.0,1077.5,2623.0,1741.0,2.0,378.0,2076.5,62297.0
2004-08-01,19763.24,208.48,6.64,10565.37,137.35,3284.49,3142.13,2205.47,-36.5,36.45,1113.4,1025.61,1803.54,73.73,91.03,57.45,12.16,216.27,15.12,6.12,10.52,179.53,33.12,41.75,254.39,502.42,6.51,13.74,9.66,6.36,5.97,354.51,0.75,13.18,368.44,4.78,1.35,3.43,26.47,330.93,14.47,345.4,9.5,8.7,5.65,8.18,119.81,128.66,92.59,105.35,477.76,583.11,675.71,39.48,1.74,41.21,612.57,1577.96,75.37,82539.26,24507.43,152.56,1803.54,429.0,11955.58,37085.67,4456.0,542.0,1077.92,2623.0,1741.33,2.0,378.0,2078.58,62595.5
2004-09-01,17634.59,185.51,10.94,9721.38,185.56,3049.83,2368.42,1978.33,-93.4,35.65,1051.31,973.88,1810.85,74.39,89.6,46.69,11.97,205.58,14.35,5.53,10.91,171.02,31.46,41.37,243.85,480.22,6.06,13.31,9.26,5.68,5.39,322.33,0.71,12.59,335.62,2.94,1.99,0.95,14.2,308.57,13.81,322.37,9.39,8.54,5.41,7.97,124.92,132.06,87.37,98.48,471.12,569.61,656.98,37.07,1.68,38.75,529.44,1482.15,66.66,77722.61,23408.39,138.54,1810.85,429.0,11954.67,37382.33,4456.0,542.0,1078.33,2623.0,1741.67,2.0,378.0,2080.67,62894.0
2004-10-01,15236.02,173.68,8.75,8531.43,171.48,2268.29,2032.19,1940.8,-68.25,36.09,1135.61,1043.05,1818.16,63.26,75.26,66.46,11.48,188.93,15.31,4.82,10.31,179.68,31.86,43.22,254.76,474.12,6.3,11.69,9.17,6.03,6.05,299.48,0.67,12.3,312.45,2.63,1.56,1.06,18.3,281.74,13.48,295.21,9.05,8.23,5.25,7.6,216.42,175.14,91.74,94.99,498.42,593.41,685.15,38.94,1.74,40.68,439.84,1557.22,64.86,65598.16,20927.04,132.36,1818.16,429.0,11953.75,37679.0,4456.0,542.0,1078.75,2623.0,1742.0,2.0,378.0,2082.75,63192.5
2004-11-01,13774.64,150.29,8.42,8387.51,129.42,1485.37,1819.52,1708.64,-125.25,35.99,1076.1,988.32,1825.47,55.87,65.1,55.8,11.26,209.71,14.58,3.83,9.34,173.66,32.02,42.51,248.18,485.64,7.5,11.44,10.21,7.64,6.71,289.21,0.66,12.24,302.1,3.04,1.54,1.5,20.04,270.16,13.39,283.56,8.96,8.04,5.09,7.42,407.2,256.34,89.83,93.06,513.53,606.59,696.42,44.99,1.68,46.67,376.17,1782.8,56.36,64065.55,19279.07,128.73,1825.47,429.0,11952.83,37975.67,4456.0,542.0,1079.17,2623.0,1742.33,2.0,378.0,2084.83,63491.0
2004-12-01,14933.67,239.37,10.68,8369.46,156.33,2033.12,2274.19,1722.82,-91.03,35.98,1107.93,1017.17,1832.79,55.31,62.71,54.01,10.08,262.53,15.1,3.57,11.74,187.91,32.98,45.0,265.9,558.83,7.49,11.09,10.42,7.54,6.88,327.78,0.71,13.46,341.95,3.27,1.7,1.57,28.75,300.05,14.72,314.77,8.58,7.82,5.14,7.36,725.6,401.76,92.3,101.58,558.65,660.23,752.53,59.41,1.74,61.15,386.69,2327.73,80.56,63334.25,22930.6,169.8,1832.79,429.0,11951.92,38272.33,4456.0,542.0,1079.58,2623.0,1742.67,2.0,378.0,2086.92,63789.5
2005-01-01,14708.33,158.59,21.13,7131.8,182.47,3075.12,2308.1,1795.28,-187.18,28.7,1114.26,1024.77,1839.25,54.75,61.77,65.69,10.85,242.7,15.39,2.92,11.32,185.55,34.05,46.01,265.62,537.94,7.05,10.9,10.02,7.06,6.72,329.9,0.74,12.49,343.12,3.17,1.7,1.48,22.57,309.08,12.95,322.03,8.52,7.99,5.23,7.47,892.35,466.73,96.26,92.37,558.62,650.99,747.25,68.89,1.94,70.83,384.71,2561.86,58.79,53151.52,20470.91,128.7,1839.25,429.0,11951.0,38569.0,4456.0,542.0,1080.0,2623.0,1743.0,2.0,378.0,2089.0,64088.0
2005-02-01,13294.17,164.14,8.11,6231.4,170.81,2391.03,2568.14,1545.74,2.81,31.16,939.58,858.79,1845.71,53.61,61.43,74.66,11.21,216.05,13.22,3.18,9.66,175.76,30.13,41.15,247.04,489.16,7.09,10.87,9.83,7.15,6.42,286.57,0.66,11.28,298.5,3.0,1.2,1.8,9.1,279.51,11.68,291.2,8.76,8.19,5.26,7.58,759.13,411.96,88.43,83.55,507.42,590.97,679.4,60.2,1.76,61.96,330.55,2242.99,61.97,45729.58,18295.03,127.24,1845.71,429.0,11958.58,38705.75,4456.0,536.92,1080.42,2624.5,1743.17,2.0,379.83,2107.42,64249.75
2005-03-01,15260.67,183.4,13.01,6635.72,175.47,3084.5,3045.17,1927.11,-38.77,34.8,1061.17,973.96,1852.18,56.41,66.32,69.33,10.44,229.34,14.91,4.59,15.61,180.58,33.95,44.97,259.5,523.94,7.24,10.84,9.91,7.12,6.84,304.62,0.7,12.13,317.46,3.45,1.06,2.39,20.49,286.79,12.57,299.36,8.87,8.15,5.3,7.59,678.02,377.03,98.75,90.5,514.37,604.87,703.61,58.87,1.94,60.81,386.31,2205.79,67.72,48227.6,20709.51,143.98,1852.18,429.0,11966.17,38842.5,4456.0,531.83,1080.83,2626.0,1743.33,2.0,381.67,2125.83,64411.5
2005-04-01,15411.81,156.45,23.2,6091.44,165.91,3144.24,3500.97,1981.35,146.64,36.86,1052.65,980.66,1858.64,59.46,71.83,55.26,10.91,230.56,14.65,5.22,16.97,171.58,32.21,42.54,246.32,513.72,7.79,11.88,10.25,7.71,7.27,277.4,0.65,11.51,289.56,3.03,1.19,1.84,15.33,264.17,11.91,276.07,9.22,8.25,5.31,7.65,384.16,242.66,94.13,87.2,478.93,566.13,660.26,45.56,1.88,47.44,390.36,1724.88,56.49,44380.14,18656.35,128.82,1858.64,429.0,11973.75,38979.25,4456.0,526.75,1081.25,2627.5,1743.5,2.0,383.5,2144.25,64573.25
2005-05-01,17041.82,171.76,27.11,6187.34,215.0,3113.31,4841.95,2229.37,44.8,32.73,1124.56,1038.42,1865.1,65.05,78.39,65.88,11.19,272.76,15.51,5.93,17.46,176.62,34.69,45.38,256.69,568.35,7.51,12.74,10.35,7.19,6.83,302.52,0.69,11.85,315.06,3.28,1.76,1.52,30.81,273.5,12.28,285.78,9.56,8.41,5.42,7.84,247.53,173.75,95.83,88.52,452.2,540.72,636.56,39.86,1.94,41.81,422.98,1522.61,63.53,47208.78,19412.2,139.58,1865.1,429.0,11981.33,39116.0,4456.0,521.67,1081.67,2629.0,1743.67,2.0,385.33,2162.67,64735.0
2005-06-01,17707.5,189.39,9.63,6706.19,224.86,3173.79,4767.09,2287.77,108.53,39.33,1109.53,1026.46,1871.56,65.23,79.23,69.78,12.5,267.8,15.26,6.05,17.97,173.22,34.17,47.73,255.11,562.19,7.3,13.79,10.22,6.91,7.08,350.25,0.76,12.66,363.67,3.59,2.0,1.59,32.74,319.38,13.14,332.52,9.79,8.89,5.86,8.38,152.02,135.46,93.86,99.62,416.9,516.52,610.38,40.24,1.88,42.12,594.14,1534.12,71.47,49871.46,21866.98,148.18,1871.56,429.0,11988.92,39252.75,4456.0,516.58,1082.08,2630.5,1743.83,2.0,387.17,2181.08,64896.75
2005-07-01,21940.26,200.35,52.5,11149.91,223.3,3294.09,4473.21,2215.48,94.64,41.98,1120.73,1035.49,1878.02,76.83,92.58,57.38,13.16,259.54,15.6,6.15,14.21,182.7,35.3,49.03,267.03,562.52,7.68,14.86,10.58,7.4,7.57,387.63,0.82,13.82,402.27,4.38,1.58,2.8,35.22,355.51,14.34,369.85,9.77,9.0,6.14,8.6,122.28,124.65,94.52,110.26,411.48,521.73,616.25,44.49,1.94,46.43,777.0,1686.61,72.95,87501.44,22741.96,149.2,1878.02,429.0,11996.5,39389.5,4456.0,511.5,1082.5,2632.0,1744.0,2.0,389.0,2199.5,65058.5
2005-08-01,21248.72,180.32,65.82,11415.82,230.68,3296.37,3644.57,2087.3,76.68,40.2,1110.36,1033.01,1884.48,75.51,92.52,58.9,12.7,215.64,15.41,6.12,11.38,182.8,34.72,51.22,268.73,517.28,8.2,15.51,11.01,7.98,8.67,390.26,0.82,13.86,404.94,4.99,1.47,3.52,31.54,362.54,14.38,376.92,9.93,9.1,6.2,8.71,112.6,123.9,94.49,110.17,415.97,526.15,620.64,44.72,1.94,46.66,791.29,1695.1,67.85,88209.13,26405.95,140.29,1884.48,429.0,12004.08,39526.25,4456.0,506.42,1082.92,2633.5,1744.17,2.0,390.83,2217.92,65220.25
2005-09-01,16956.42,178.14,12.06,8432.58,190.26,3062.68,2803.1,2024.58,12.91,30.3,1082.22,1014.96,1985.61,69.82,84.4,57.66,12.29,173.62,15.0,5.5,14.68,174.5,33.53,47.8,255.84,464.65,10.26,16.56,12.59,10.18,10.99,337.68,0.72,11.82,350.22,3.71,1.86,1.85,8.87,330.92,12.27,343.2,9.94,9.18,6.17,8.68,118.26,126.73,83.25,86.79,390.62,477.41,560.67,37.42,1.88,39.3,577.54,1422.5,64.82,62255.37,23475.1,136.89,1885.61,429.0,12011.67,39663.0,4456.0,501.33,1083.33,2635.0,1744.33,2.0,392.67,2236.33,65382.0
2005-10-01,15451.15,175.92,5.42,7475.1,170.6,3014.97,2462.83,1947.21,-11.7,31.19,1111.71,1040.6,1897.41,65.31,76.39,61.32,11.27,180.05,15.34,4.84,14.46,178.57,32.29,51.54,262.39,477.07,12.16,16.44,14.29,12.06,11.84,305.2,0.64,10.55,316.4,3.65,1.78,1.87,9.68,297.63,10.96,308.59,9.76,8.91,6.03,8.37,202.17,162.08,88.03,74.22,427.66,501.88,589.9,37.44,1.94,39.39,434.69,1428.23,63.07,54948.46,20920.68,138.1,1897.41,429.0,12019.25,39799.75,4456.0,496.25,1083.75,2636.5,1744.5,2.0,394.5,2254.75,65543.75
2005-11-01,14453.9,180.35,6.67,7605.66,152.4,2384.4,2172.84,1781.67,-45.11,36.87,1080.05,1011.37,1903.87,63.71,73.23,46.29,11.14,193.51,14.97,3.79,16.1,173.21,33.54,51.83,258.58,486.94,11.57,15.64,14.76,12.11,9.87,294.69,0.63,10.8,306.12,3.77,1.72,2.06,22.4,274.59,11.18,285.77,9.76,8.79,5.83,8.21,387.03,240.13,89.74,75.2,452.11,527.3,617.04,43.97,1.88,45.85,373.35,1663.4,65.43,56349.67,19907.61,139.7,1903.87,429.0,12026.83,39936.5,4456.0,491.17,1084.17,2638.0,1744.67,2.0,396.33,2273.17,65705.5
2005-12-01,16818.06,196.55,12.03,8290.9,177.82,3120.42,3043.89,1831.38,-84.45,35.37,1115.83,1042.89,1910.33,57.04,65.32,57.55,11.15,221.39,15.44,3.5,18.28,181.61,34.65,54.82,271.09,529.69,10.77,14.6,14.01,11.17,11.26,335.47,0.67,11.96,348.1,3.93,1.85,2.08,30.47,307.34,12.36,319.71,9.27,8.79,5.94,8.21,771.24,413.84,94.24,85.22,491.28,576.5,670.74,62.37,1.94,64.31,406.23,2326.36,72.39,59751.95,21387.22,155.86,1910.33,429.0,12034.42,40073.25,4456.0,486.08,1084.58,2639.5,1744.83,2.0,398.17,2291.58,65867.25
2006-01-01,16363.84,194.08,5.43,6896.18,169.54,2539.4,4488.04,1878.67,-35.07,32.6,1077.77,1003.17,1915.76,54.91,62.84,55.83,11.25,272.14,15.31,3.14,23.63,187.67,34.79,52.76,275.22,589.45,10.8,14.92,14.16,10.85,9.15,315.25,0.68,12.72,328.66,3.88,2.44,1.44,12.66,304.87,12.57,317.44,9.55,8.87,5.78,8.31,713.7,396.99,95.51,91.07,488.79,579.86,675.36,58.83,2.02,60.85,318.36,2165.27,71.31,50147.54,20936.26,152.82,1915.76,429.0,12042.0,40210.0,4456.0,481.0,1085.0,2641.0,1745.0,2.0,400.0,2310.0,66029.0
2006-02-01,14844.04,177.41,10.0,6572.72,172.69,2247.57,3790.67,1670.4,3.34,35.54,972.35,894.23,1921.19,58.79,69.43,45.77,11.72,245.61,13.83,3.44,19.06,164.91,31.18,48.96,245.04,526.99,9.34,13.98,12.95,9.38,8.0,295.33,0.64,11.36,307.33,3.42,1.84,1.58,16.61,281.05,11.26,292.3,9.8,9.14,5.98,8.49,702.28,390.07,86.53,82.89,476.16,559.05,645.58,58.49,1.82,60.31,346.14,2144.38,65.32,47807.59,19005.52,135.4,1921.19,429.0,12021.25,40267.33,4456.0,486.75,1085.67,2636.42,1745.17,2.0,400.0,2315.25,66072.75
2006-03-01,17102.0,150.52,4.58,7289.17,175.9,2399.51,4821.09,2004.88,34.21,39.81,1106.51,1023.41,1926.61,49.63,60.68,81.39,11.69,244.25,15.63,4.8,23.4,175.5,32.74,55.37,263.61,551.69,8.81,13.17,12.07,8.24,7.36,306.04,0.64,12.05,318.73,3.7,2.05,1.66,18.51,289.97,11.9,301.87,9.87,9.06,5.88,8.44,625.93,352.87,96.53,90.68,493.7,584.38,680.91,57.68,2.02,59.69,406.97,2126.37,53.93,53576.17,21352.85,131.37,1926.61,429.0,12000.5,40324.67,4456.0,492.5,1086.33,2631.83,1745.33,2.0,400.0,2320.5,66116.5
2006-04-01,15032.34,159.93,11.08,5870.45,157.43,1364.29,5382.25,1870.38,-2.59,37.88,986.24,916.3,1932.04,55.3,66.97,81.93,12.04,283.24,14.22,5.44,24.52,166.54,30.86,54.87,252.27,579.69,8.29,13.27,11.57,7.93,7.32,285.79,0.63,11.45,297.86,3.41,2.0,1.4,19.73,268.21,11.32,279.53,10.32,9.17,5.93,8.56,355.5,225.69,92.56,84.31,449.83,534.14,626.7,45.15,1.95,47.1,426.03,1681.01,57.71,44828.74,18203.53,124.39,1932.04,429.0,11979.75,40382.0,4456.0,498.25,1087.0,2627.25,1745.5,2.0,400.0,2325.75,66160.25
2006-05-01,18167.48,140.72,38.19,7394.18,187.9,2318.38,5827.19,2020.98,52.33,35.12,958.57,886.32,1937.47,64.51,79.32,77.63,12.31,305.69,13.98,6.14,24.39,171.13,33.73,62.99,267.85,618.05,7.99,14.41,11.61,7.63,6.89,317.52,0.71,12.38,330.62,3.72,2.27,1.45,32.59,287.2,12.28,299.48,10.61,9.22,6.0,8.71,203.51,160.32,95.28,92.44,427.66,520.1,615.38,40.67,2.02,42.68,504.41,1526.3,47.54,55269.93,20582.28,120.6,1937.47,429.0,11959.0,40439.33,4456.0,504.0,1087.67,2622.67,1745.67,2.0,400.0,2331.0,66204.0
2006-06-01,20495.41,198.87,27.0,8930.72,164.54,3249.5,5278.66,2202.79,226.18,36.63,1057.0,972.43,1942.89,74.92,90.6,58.31,13.9,295.16,14.91,6.18,20.35,170.35,32.3,69.0,271.64,608.25,7.39,15.07,11.09,6.92,6.69,351.36,0.72,12.18,364.26,3.78,2.36,1.42,31.74,321.84,12.1,333.94,10.85,9.88,6.41,9.3,141.16,134.27,94.36,93.68,414.42,508.1,602.45,41.39,1.95,43.34,629.66,1550.88,73.33,68419.18,23237.3,149.47,1942.89,429.0,11938.25,40496.67,4456.0,509.75,1088.33,2618.08,1745.83,2.0,400.0,2336.25,66247.75
2006-07-01,24663.87,197.85,37.84,13706.33,178.09,3350.34,4647.86,2226.79,77.94,40.59,1114.35,1028.4,1948.32,82.26,97.0,44.08,15.17,252.33,15.63,6.37,19.39,180.24,34.12,65.85,280.2,573.93,7.4,15.72,10.98,6.78,6.69,396.26,0.78,13.38,410.42,4.71,1.65,3.07,37.82,362.39,13.28,375.67,10.96,9.97,6.61,9.55,115.59,121.91,96.24,103.06,409.13,512.19,608.43,47.26,2.02,49.27,863.53,1758.73,70.9,108594.58,25206.3,151.48,1948.32,429.0,11917.5,40554.0,4456.0,515.5,1089.0,2613.5,1746.0,2.0,400.0,2341.5,66291.5
2006-08-01,21372.67,212.69,50.3,11212.65,163.63,3354.8,3855.32,2236.4,53.01,40.7,1141.19,1055.38,1953.75,74.38,92.58,56.54,13.96,215.52,15.9,6.53,16.42,179.4,33.79,69.55,282.74,537.11,8.1,16.18,11.2,7.36,7.56,393.59,0.78,13.39,407.76,4.67,1.6,3.08,28.91,368.63,13.3,381.93,10.94,10.04,6.65,9.58,108.44,126.4,96.82,103.87,426.92,530.78,627.6,47.04,2.02,49.05,840.2,1751.68,77.85,83899.9,27517.48,155.61,1953.75,429.0,11896.75,40611.33,4456.0,521.25,1089.67,2608.92,1746.17,2.0,400.0,2346.75,66335.25
2006-09-01,18971.19,205.57,34.96,10305.03,189.08,3249.29,2790.31,2025.32,-47.04,40.12,1083.86,1000.16,1959.17,74.36,90.0,43.98,13.85,170.62,15.11,5.74,18.64,173.12,32.32,68.46,273.9,484.01,7.68,15.71,11.16,7.21,6.27,319.18,0.68,12.19,332.06,2.18,2.18,0.0,2.7,317.28,12.08,329.36,10.94,9.89,6.37,9.32,124.92,133.02,94.66,91.31,429.04,520.35,615.01,38.84,1.95,40.8,548.32,1462.07,73.23,76357.87,23681.32,151.26,1959.17,429.0,11876.0,40668.67,4456.0,527.0,1090.33,2604.33,1746.33,2.0,400.0,2352.0,66379.0
2006-10-01,17339.21,187.19,22.45,9546.96,175.92,2923.76,2324.31,2021.2,-50.85,41.37,1125.03,1039.5,1964.6,64.58,77.9,55.43,12.16,169.17,15.77,5.06,24.22,177.45,32.93,72.08,282.46,496.68,6.42,12.51,10.05,5.62,5.76,308.22,0.7,12.65,321.57,2.66,2.31,0.35,18.21,291.19,12.52,303.71,10.58,9.51,6.16,8.89,240.45,187.62,98.38,97.06,447.25,544.31,642.69,43.92,2.02,45.94,527.53,1644.23,66.37,68011.68,21866.51,143.22,1964.6,429.0,11855.25,40726.0,4456.0,532.75,1091.0,2599.75,1746.5,2.0,400.0,2357.25,66422.75
2004-05-01,15718.95,213.22,19.87,8655.02,157.98,2382.49,2344.89,1853.48,-97.18,40.73,1061.73,978.52,1970.03,64.66,75.97,41.37,12.38,201.08,14.99,4.04,25.2,172.74,33.56,70.95,277.25,522.56,8.47,12.45,11.05,7.74,7.48,296.57,0.68,11.91,309.16,2.91,2.15,0.76,20.93,277.18,11.81,288.99,10.18,9.24,6.04,8.63,413.41,256.21,95.56,88.82,465.38,554.21,649.77,47.45,1.95,49.4,396.59,1765.38,77.57,62108.83,20058.99,150.13,1970.03,429.0,11834.5,40783.33,4456.0,538.5,1091.67,2595.17,1746.67,2.0,400.0,2362.5,66466.5
2006-12-01,16727.69,197.29,10.44,9311.7,129.74,2579.29,2496.8,1904.11,-118.15,42.98,1136.84,1051.9,1975.45,56.77,66.29,39.56,12.14,214.21,15.91,3.72,24.52,180.28,34.26,75.42,289.96,548.32,8.66,12.53,11.61,8.23,7.57,322.96,0.71,12.62,336.28,3.65,1.44,2.21,25.87,300.12,12.5,312.62,9.84,9.08,6.0,8.55,623.6,346.67,99.57,95.4,483.67,579.07,678.64,57.5,2.02,59.52,414.37,2122.78,70.57,66824.67,21310.18,145.13,1975.45,429.0,11813.75,40840.67,4456.0,544.25,1092.33,2590.58,1746.83,2.0,400.0,2367.75,66510.25
2007-01-01,16424.34,215.84,13.82,8392.08,124.86,3336.83,1988.48,2136.46,12.82,25.5,1139.47,1055.01,1977.45,53.03,62.19,38.68,12.42,257.43,16.3,3.34,24.24,182.46,36.76,76.47,295.69,596.99,7.88,12.17,11.18,7.36,7.08,339.97,0.67,12.89,353.53,3.48,1.58,1.9,29.07,315.1,11.26,326.36,10.06,9.12,6.13,8.71,803.08,431.71,100.34,96.04,525.87,621.91,722.26,67.44,2.09,69.53,448.15,2474.73,78.04,60251.46,22130.08,152.79,1977.45,429.0,11793.0,40898.0,4456.0,550.0,1093.0,2586.0,1747.0,2.0,400.0,2373.0,66554.0
2007-02-01,14729.93,194.8,6.08,7629.38,129.64,3044.77,1720.68,1741.36,80.17,33.85,989.65,911.57,1979.44,55.32,66.11,60.17,11.98,183.51,14.25,3.66,24.91,162.89,32.67,69.09,264.65,490.97,8.57,12.13,11.22,8.25,8.18,311.81,0.64,10.78,323.23,4.19,1.36,2.84,15.26,301.33,9.48,310.81,9.89,9.34,6.16,8.74,899.46,477.25,91.9,79.13,520.56,599.69,691.59,70.27,1.89,72.16,425.49,2565.95,68.71,54178.97,19167.56,143.23,1979.44,427.0,11816.42,40920.58,4456.0,550.0,1092.08,2587.0,1747.17,2.42,400.0,2380.42,66606.0
2007-03-01,15311.88,144.79,14.05,7062.83,186.11,3372.36,2295.72,1990.78,53.88,36.13,1055.88,982.58,1981.43,61.27,73.77,48.48,11.89,238.83,15.39,5.26,30.12,174.64,36.85,75.95,287.44,577.03,8.79,12.81,11.79,8.42,7.64,308.33,0.66,11.48,320.47,3.89,2.09,1.8,20.54,291.66,10.08,301.74,10.27,9.35,6.22,8.8,616.53,354.27,103.42,81.2,497.27,578.47,681.89,57.53,2.09,59.62,416.02,2128.33,48.41,50727.02,20314.46,130.9,1981.43,425.0,11839.83,40943.17,4456.0,550.0,1091.17,2588.0,1747.33,2.83,400.0,2387.83,66658.0
2007-04-01,15310.07,190.14,59.0,7052.15,181.9,3180.54,2250.79,2104.47,90.22,34.49,1028.23,948.66,1983.42,59.29,73.43,64.57,11.74,236.14,14.82,5.8,31.35,173.47,32.34,71.83,277.64,565.75,8.2,13.31,11.5,8.14,7.77,291.25,0.64,11.24,303.13,4.0,1.17,2.83,20.76,275.34,9.86,285.2,10.63,9.38,6.19,8.82,407.71,259.85,98.78,80.14,459.54,539.68,638.46,48.6,2.03,50.62,453.14,1809.78,67.41,51574.61,19585.63,140.75,1983.42,423.0,11863.25,40965.75,4456.0,550.0,1090.25,2589.0,1747.5,3.25,400.0,2395.25,66710.0
2007-05-01,16148.65,169.99,53.51,7822.77,195.59,2456.21,2987.18,2242.15,28.27,33.36,1041.45,956.22,1985.41,63.1,78.74,63.5,12.24,257.45,14.9,6.64,29.18,173.55,33.83,77.98,285.36,593.54,8.41,14.69,11.51,8.11,7.96,317.83,0.68,11.7,330.2,4.64,1.16,3.48,30.61,292.8,10.27,303.07,10.77,9.51,6.27,8.96,215.72,168.35,104.6,83.78,437.39,521.17,625.77,41.34,2.09,43.44,507.09,1560.37,60.45,56950.48,21178.61,135.03,1985.41,421.0,11886.67,40988.33,4456.0,550.0,1089.33,2590.0,1747.67,3.67,400.0,2402.67,66762.0
2007-06-01,18121.43,204.84,36.93,9335.7,193.84,2920.66,2741.47,2382.94,80.77,38.13,1103.93,1022.98,1966.78,70.56,87.57,56.01,13.66,225.52,15.62,6.7,25.9,170.16,33.4,80.62,284.18,557.92,8.45,16.28,11.81,7.92,7.8,350.34,0.71,11.71,362.76,4.49,1.31,3.19,32.63,323.01,10.31,333.31,11.09,9.95,6.59,9.45,137.17,134.77,101.19,84.7,426.12,510.82,612.02,41.31,2.03,43.34,628.47,1555.76,75.18,70464.59,22041.12,153.54,1966.78,419.0,11910.08,41010.92,4456.0,550.0,1088.42,2591.0,1747.83,4.08,400.0,2410.08,66814.0
2007-07-01,22218.72,200.92,29.4,12445.64,163.65,3333.08,3385.22,2357.94,70.3,42.49,1113.48,1029.93,1989.39,76.39,93.26,54.19,14.08,222.17,15.85,7.0,21.33,178.13,34.4,82.56,295.09,561.45,8.02,16.71,11.63,7.51,7.03,379.91,0.76,12.55,393.23,5.51,1.74,3.77,33.3,352.64,11.05,363.69,11.07,10.14,6.71,9.64,117.62,122.41,103.43,90.38,420.14,510.52,613.94,44.23,2.09,46.33,760.52,1660.81,73.32,97041.28,25005.52,154.93,1989.39,417.0,11933.5,41033.5,4456.0,550.0,1087.5,2592.0,1748.0,4.5,400.0,2417.5,66866.0
2007-08-01,22755.18,211.58,36.9,13821.27,134.7,3108.99,2865.34,2264.21,81.95,40.03,1113.1,1028.57,1991.38,77.74,94.68,48.57,13.99,197.09,15.89,6.83,26.68,174.79,34.38,86.58,295.75,542.24,7.6,16.71,11.19,6.72,6.83,407.87,0.77,13.16,421.8,5.4,1.91,3.49,40.36,373.37,11.56,384.93,11.07,10.07,6.84,9.68,112.02,127.08,104.01,100.53,430.6,531.13,635.14,50.91,2.09,53.01,969.43,1896.67,78.48,108310.6,25919.91,159.36,1991.38,415.0,11956.92,41056.08,4456.0,550.0,1086.58,2593.0,1748.17,4.92,400.0,2424.92,66918.0
2007-09-01,19003.49,204.67,4.32,10934.33,162.95,3248.12,2138.81,2095.98,-0.83,35.86,1087.66,1006.07,1993.37,71.09,85.6,52.43,13.85,145.72,15.41,6.23,28.34,169.55,33.14,83.95,286.64,482.33,7.0,16.03,10.92,6.28,6.33,342.71,0.68,12.0,355.39,3.84,2.46,1.38,8.73,337.53,10.53,348.05,10.96,9.9,6.52,9.43,116.44,127.32,101.7,89.44,428.13,517.56,619.26,42.29,2.03,44.31,683.33,1590.66,74.97,81333.03,24974.68,151.68,1993.37,413.0,11980.33,41078.67,4456.0,550.0,1085.67,2594.0,1748.33,5.33,400.0,2432.33,66970.0
2007-10-01,17136.28,182.47,9.47,10343.16,119.14,2552.43,1784.06,1963.76,-11.31,36.98,1123.29,1041.3,1995.36,65.12,76.91,50.01,12.61,146.25,15.99,5.55,33.37,174.97,34.95,92.47,302.39,503.55,7.43,14.57,10.93,7.06,7.0,319.83,0.71,12.08,332.62,3.57,1.56,2.01,16.23,307.78,10.61,318.4,10.82,9.77,6.46,9.17,174.27,157.69,105.26,89.38,451.58,540.96,646.22,43.24,2.09,45.33,604.09,1627.6,68.09,77872.61,22667.37,129.27,1995.36,411.0,12003.75,41101.25,4456.0,550.0,1084.75,2595.0,1748.5,5.75,400.0,2439.75,67022.0
2007-11-01,16580.36,178.27,4.58,9869.98,114.41,2832.97,1716.47,1744.4,-84.91,28.29,1075.15,995.3,1997.35,62.48,73.43,44.77,12.29,155.0,15.35,4.39,30.59,172.53,34.83,88.65,296.01,501.34,8.14,13.04,11.23,7.87,7.28,301.91,0.67,11.53,314.1,4.32,1.79,2.53,20.21,286.3,10.12,296.42,10.7,9.5,6.28,8.94,405.48,257.25,103.98,85.29,482.93,568.22,672.2,49.14,2.03,51.17,448.18,1834.27,66.6,72471.11,20225.22,141.76,1997.35,409.0,12027.17,41123.83,4456.0,550.0,1083.83,2596.0,1748.67,6.17,400.0,2447.17,67074.0
2007-12-01,17107.23,199.99,9.82,10991.17,111.32,2405.54,1453.53,1820.79,-91.55,36.33,1119.42,1037.38,1999.34,52.31,60.1,47.16,11.97,181.29,16.0,4.0,34.5,181.63,35.7,96.67,314.0,549.78,8.27,12.34,11.24,8.18,7.93,333.59,0.69,12.02,346.29,4.07,2.05,2.03,30.07,307.7,10.55,318.25,10.33,9.42,6.26,8.91,716.87,394.95,107.8,90.42,524.15,614.57,722.37,65.07,2.09,67.17,497.51,2398.86,77.01,79242.34,21024.75,159.17,1999.34,407.0,12050.58,41146.42,4456.0,550.0,1082.92,2597.0,1748.83,6.58,400.0,2454.58,67126.0
2008-01-01,17533.51,206.72,6.41,10791.61,143.31,2777.05,1552.92,1869.28,-9.32,52.61,1127.0,1045.96,1998.83,51.95,59.42,56.52,11.55,204.76,15.83,3.7,42.11,195.34,36.11,95.75,327.19,593.58,8.37,12.24,11.2,8.29,8.52,349.84,0.71,12.45,363.0,5.01,1.76,3.25,28.04,326.22,12.0,338.21,10.14,9.39,6.33,8.92,883.64,477.15,102.0,86.8,573.03,659.83,761.82,77.31,2.2,79.51,531.46,2733.59,82.73,77674.78,22619.92,164.1,1998.83,405.0,12074.0,41169.0,4456.0,550.0,1082.0,2598.0,1749.0,7.0,400.0,2462.0,67178.0
2008-02-01,14908.0,151.19,9.4,9042.43,109.51,2349.68,1228.97,1760.44,72.35,53.16,1019.03,943.48,1998.32,54.1,62.97,56.52,11.55,185.15,14.37,4.17,37.96,169.28,35.31,95.4,299.99,541.63,8.91,12.58,11.49,8.96,8.87,313.29,0.64,11.18,325.11,4.59,1.53,3.05,12.3,305.1,10.77,315.86,10.16,9.46,6.34,8.9,818.27,458.83,96.26,77.82,539.92,617.74,713.99,70.7,2.06,72.76,438.87,2502.72,59.32,64174.16,19970.29,135.08,1998.32,405.42,12074.0,41353.83,4456.0,548.08,1083.08,2602.17,1749.58,7.67,400.67,2484.17,67390.75
2008-03-01,15010.29,148.79,24.21,8486.06,136.04,2518.84,1438.59,2071.63,-0.84,56.21,1074.21,1004.29,1997.82,59.3,69.71,41.74,11.46,213.53,16.24,5.99,47.12,175.23,38.09,100.61,313.92,596.8,9.49,13.13,12.03,9.61,9.53,312.41,0.62,11.6,324.63,4.8,2.65,2.15,21.01,294.63,11.14,305.76,10.45,9.62,6.46,9.03,656.26,380.47,104.23,80.44,529.49,609.93,714.16,63.85,2.2,66.05,460.76,2277.7,60.86,60476.51,19927.15,139.44,1997.82,405.83,12074.0,41538.67,4456.0,546.17,1084.17,2606.33,1750.17,8.33,401.33,2506.33,67603.5
2008-04-01,17536.3,187.14,16.91,9647.29,180.3,2435.9,2719.99,2092.48,58.1,55.51,1036.13,959.72,1997.31,62.23,77.03,48.15,11.23,219.09,15.79,6.72,51.49,171.49,36.15,105.61,313.25,606.34,9.84,14.49,12.63,10.03,10.19,294.2,0.61,11.05,305.87,4.06,1.33,2.73,20.01,277.96,10.63,288.59,10.93,9.79,6.64,9.22,388.46,255.17,100.54,74.85,482.51,557.36,657.9,50.62,2.13,52.75,469.61,1823.89,77.15,69855.3,20365.69,141.95,1997.31,406.25,12074.0,41723.5,4456.0,544.25,1085.25,2610.5,1750.75,9.0,402.0,2528.5,67816.25
2008-05-01,16444.82,145.5,7.94,7643.55,153.92,2851.49,3231.44,2252.97,2.21,46.93,1069.53,990.54,1996.8,63.06,77.55,56.31,12.01,268.24,16.32,7.37,52.62,172.47,35.84,111.98,320.3,664.84,11.05,16.33,13.51,11.35,10.97,313.22,0.61,11.42,325.25,5.34,3.03,2.31,28.32,288.28,10.96,299.24,11.4,10.05,6.75,9.47,230.23,179.74,103.87,78.94,463.66,542.6,646.47,43.28,2.2,45.48,475.47,1577.4,53.2,56257.01,20942.15,109.41,1996.8,406.67,12074.0,41908.33,4456.0,542.33,1086.33,2614.67,1751.33,9.67,402.67,2550.67,68029.0
2008-06-01,17108.24,200.91,5.32,8381.85,142.22,3006.24,2745.39,2331.76,117.82,51.48,1081.95,1002.41,1996.29,74.95,91.17,44.3,13.67,287.51,16.21,7.72,50.65,167.71,35.33,108.74,311.79,673.88,11.85,18.91,14.68,12.11,12.41,360.61,0.68,11.82,373.11,6.12,3.37,2.75,35.87,328.59,11.39,339.98,11.77,10.87,7.35,10.27,144.31,133.74,101.74,79.72,433.68,513.4,615.14,44.16,2.13,46.29,665.44,1604.91,77.98,62513.43,22304.47,136.76,1996.29,407.08,12074.0,42093.17,4456.0,540.42,1087.42,2618.83,1751.92,10.33,403.33,2572.83,68241.75
2008-07-01,20665.47,210.17,4.97,10942.69,133.27,3344.44,3336.3,2430.22,76.86,55.2,1102.23,1020.63,1995.78,75.05,91.71,52.7,13.62,251.82,16.51,7.87,39.5,173.96,37.33,118.89,330.18,645.88,12.48,20.77,15.64,13.06,11.71,389.32,0.73,12.86,402.9,6.02,1.71,4.31,34.41,360.43,12.38,372.81,12.07,11.1,7.72,10.65,118.42,127.75,107.04,88.0,437.61,525.61,632.64,47.09,2.2,49.29,782.04,1710.14,85.7,81127.93,26288.47,146.53,1995.78,407.5,12074.0,42278.0,4456.0,538.5,1088.5,2623.0,1752.5,11.0,404.0,2595.0,68454.5
2008-08-01,22110.65,221.54,4.8,12825.5,135.44,2892.8,3422.56,2370.29,72.12,39.89,1095.57,1014.22,1995.28,75.74,91.74,51.51,14.07,209.19,16.45,7.74,32.17,171.95,36.42,123.46,331.84,597.4,10.2,20.17,14.19,10.1,8.97,375.61,0.72,12.66,388.99,5.82,1.48,4.34,29.28,351.86,12.19,364.05,12.09,11.07,7.55,10.59,111.29,126.69,105.52,88.61,440.13,528.74,634.26,46.36,2.2,48.56,762.95,1683.74,89.48,95976.48,24807.85,154.65,1995.28,407.92,12074.0,42462.83,4456.0,536.58,1089.58,2627.17,1753.08,11.67,404.67,2617.17,68667.25
2008-09-01,18513.59,210.6,16.42,11567.07,146.21,2625.31,1712.71,2051.37,35.73,20.57,1063.79,986.04,1994.77,74.87,89.07,47.96,13.32,159.42,15.94,7.03,30.66,164.06,34.4,121.28,319.74,532.79,8.99,18.41,13.12,9.13,7.81,327.02,0.68,10.36,338.06,4.86,1.8,3.06,9.15,321.91,10.06,331.96,11.92,10.77,7.31,10.27,118.1,129.15,90.07,71.02,406.76,477.78,567.85,40.24,2.13,42.37,602.57,1460.04,87.57,85496.5,25582.49,148.75,1994.77,408.33,12074.0,42647.67,4456.0,534.67,1090.67,2631.33,1753.67,12.33,405.33,2639.33,68880.0
2008-10-01,16871.7,200.68,9.26,10792.22,137.05,2606.46,1097.85,1914.06,-44.56,39.3,1099.5,1017.18,1994.26,72.78,84.84,26.33,12.47,152.44,16.5,6.17,46.87,169.45,36.37,126.13,331.95,553.92,7.8,15.45,12.06,8.1,6.74,306.77,0.64,11.14,318.55,3.64,2.04,1.61,17.66,291.76,10.74,302.5,11.81,10.41,7.19,9.94,218.06,185.48,101.35,79.74,457.92,537.67,639.01,45.05,2.2,47.25,545.24,1635.04,85.48,79869.7,23521.79,151.35,1994.26,408.75,12074.0,42832.5,4456.0,532.75,1091.75,2635.5,1754.25,13.0,406.0,2661.5,69092.75
2008-11-01,14857.23,191.57,4.85,9384.47,141.26,2416.11,786.9,1785.78,-47.43,50.12,1047.89,971.1,1993.75,65.56,74.8,41.12,12.48,154.39,15.94,4.86,49.21,166.14,36.49,122.25,324.88,549.27,7.93,13.8,11.72,7.34,6.64,299.22,0.62,10.2,310.05,3.28,2.06,1.22,23.07,278.33,9.87,288.2,11.42,10.16,6.93,9.67,433.37,275.6,101.56,73.99,472.29,546.28,647.84,51.9,2.13,54.03,457.59,1868.44,79.22,70174.69,19377.18,143.74,1993.75,409.17,12074.0,43017.33,4456.0,530.83,1092.83,2639.67,1754.83,13.67,406.67,2683.67,69305.5
2008-12-01,16424.45,205.59,51.57,10486.98,126.33,2658.04,854.19,1853.64,-11.76,49.32,1066.17,984.49,1993.24,52.63,60.9,52.25,11.64,205.57,16.34,4.52,65.19,161.91,37.42,127.04,326.38,618.0,8.16,12.84,11.61,7.86,6.9,332.84,0.68,10.38,343.9,3.48,1.45,2.04,26.94,308.92,10.08,319.0,10.86,9.92,6.79,9.53,771.87,422.76,105.55,74.86,478.39,553.26,658.8,67.39,2.2,69.59,476.39,2399.41,88.18,76372.03,22447.75,151.3,1993.24,409.58,12074.0,43202.17,4456.0,528.92,1093.92,2643.83,1755.42,14.33,407.33,2705.83,69518.25
2009-01-01,15065.64,191.64,11.11,9450.02,149.99,2308.56,1088.02,1752.37,-75.54,60.99,1097.23,1020.44,1986.49,60.41,67.94,33.14,12.33,229.27,17.14,3.81,58.08,162.02,37.46,113.9,313.38,621.67,7.97,12.49,11.28,7.5,6.62,343.52,0.72,10.76,354.99,4.27,2.25,2.02,25.02,321.62,10.37,331.99,10.98,9.96,6.92,9.68,947.74,517.89,110.19,80.9,502.1,583.0,693.18,81.14,2.32,83.46,487.43,2729.7,79.74,67333.1,20947.6,139.51,1986.49,410.0,12074.0,43387.0,4456.0,527.0,1095.0,2648.0,1756.0,15.0,408.0,2728.0,69731.0
2009-02-01,14113.91,166.33,11.29,8696.55,139.94,1751.18,1445.55,1766.99,-26.51,50.89,993.9,920.22,1979.73,53.88,62.61,58.56,12.26,173.85,15.52,4.33,57.12,150.25,34.2,101.39,285.83,536.64,7.26,12.26,10.98,6.43,5.62,290.22,0.63,10.04,300.89,3.89,1.53,2.35,7.35,286.25,9.64,295.89,11.18,10.2,6.9,9.78,756.34,426.62,100.43,71.32,452.37,523.69,624.12,69.12,2.09,71.21,453.47,2331.77,67.61,61605.36,19092.35,132.59,1979.73,410.5,12076.58,43435.42,4466.08,523.42,1094.08,2648.0,1755.08,23.5,408.0,2765.92,69833.42
2009-03-01,15517.53,151.98,28.6,8075.88,106.47,2610.98,2288.93,2119.27,-35.47,63.25,1105.68,1027.71,1972.96,55.94,67.1,56.03,12.19,213.04,17.25,6.31,69.29,159.16,40.35,117.49,317.0,622.89,6.85,11.98,10.46,5.69,4.92,299.26,0.67,10.68,310.6,2.95,1.71,1.24,17.79,283.81,10.25,294.06,11.28,9.96,6.81,9.64,600.33,358.25,110.46,78.6,457.07,535.67,646.13,63.81,2.32,66.13,499.68,2170.51,60.24,57126.54,19875.74,123.27,1972.97,411.0,12079.17,43483.83,4476.17,519.83,1093.17,2648.0,1754.17,32.0,408.0,2803.83,69935.83
2009-04-01,15587.65,155.59,17.59,6941.2,96.94,3251.38,2713.53,2204.38,32.89,59.79,1052.63,976.07,1966.2,59.18,71.2,52.8,12.17,251.51,16.34,7.09,72.79,151.1,36.61,119.4,307.11,654.85,5.71,11.68,9.7,5.05,4.7,278.99,0.63,9.91,289.54,3.29,1.49,1.81,16.35,265.46,9.53,274.99,11.5,9.87,6.75,9.57,390.34,249.12,105.05,73.73,418.69,492.41,597.46,50.68,2.24,52.93,451.4,1741.24,65.44,50914.71,19983.83,114.7,1966.21,411.5,12081.75,43532.25,4486.25,516.25,1092.25,2648.0,1753.25,40.5,408.0,2841.75,70038.25
2009-05-01,16833.44,140.81,5.57,7052.63,136.57,3263.15,3714.07,2291.8,48.48,72.91,1072.24,992.6,1959.44,67.48,83.19,58.4,13.16,288.5,16.62,7.83,61.12,156.19,37.0,129.75,322.93,697.0,5.49,12.86,9.42,4.4,4.7,300.5,0.64,10.17,311.31,4.13,1.39,2.74,29.0,275.28,9.77,285.04,11.78,10.11,6.77,9.77,201.45,166.23,108.59,76.68,391.0,467.68,576.27,43.26,2.32,45.57,515.48,1504.99,59.06,52872.1,19871.83,112.11,1959.44,412.0,12084.33,43580.67,4496.33,512.67,1091.33,2648.0,1752.33,49.0,408.0,2879.67,70140.67
2009-06-01,16347.1,169.52,12.35,6511.19,123.99,3239.19,3358.51,2509.44,234.72,66.48,1038.38,962.16,1952.68,64.62,77.7,66.74,14.13,285.32,16.21,7.83,54.65,157.92,37.18,128.29,323.38,687.38,5.55,14.26,9.53,4.56,4.62,336.01,0.68,10.97,347.66,4.73,1.63,3.1,34.72,305.52,10.52,316.04,11.81,10.46,7.09,10.13,141.12,133.5,105.56,82.15,376.96,459.11,564.67,44.08,2.24,46.32,642.8,1528.41,65.36,47686.49,22028.05,132.26,1952.68,412.5,12086.92,43629.08,4506.42,509.08,1090.42,2648.0,1751.42,57.5,408.0,2917.58,70243.08
2009-07-01,22092.21,169.84,5.06,11916.27,166.91,3249.46,3700.58,2647.84,37.73,67.21,1089.32,1012.71,1945.92,77.2,93.97,44.89,15.0,228.24,16.81,8.34,48.36,167.22,38.6,137.62,343.44,645.19,5.7,15.27,9.74,4.68,4.47,359.84,0.73,11.97,372.54,5.5,1.42,4.08,27.27,337.88,11.48,349.35,11.85,10.56,7.1,10.28,118.62,128.1,107.67,89.23,387.04,476.27,583.94,48.06,2.32,50.37,778.02,1659.05,64.23,89791.11,24414.21,123.73,1945.92,413.0,12089.5,43677.5,4516.5,505.5,1089.5,2648.0,1750.5,66.0,408.0,2955.5,70345.5
2009-08-01,21206.69,169.72,14.15,12240.93,164.48,3003.34,3018.11,2399.12,15.95,65.53,1082.17,1009.09,1939.16,75.88,93.13,46.85,14.91,191.11,16.77,8.22,53.33,170.53,38.25,139.78,348.56,617.99,5.61,15.61,9.52,4.38,4.3,368.14,0.77,12.31,381.22,5.83,1.36,4.48,29.03,344.85,11.82,356.67,11.94,10.52,7.1,10.27,111.48,128.83,108.53,92.12,403.29,495.41,603.94,50.46,2.32,52.77,840.32,1737.34,63.85,91406.44,24681.49,123.26,1939.16,413.5,12092.08,43725.92,4526.58,501.92,1088.58,2648.0,1749.58,74.5,408.0,2993.42,70447.92
2009-09-01,20479.57,177.4,10.95,12807.51,155.09,2751.1,2248.05,2127.18,38.8,45.43,1051.23,980.54,1932.4,77.59,94.07,43.93,14.72,169.42,16.29,7.39,45.39,161.39,36.08,132.89,330.35,568.84,5.37,14.8,9.35,3.89,4.02,315.16,0.69,11.55,327.4,4.47,1.38,3.09,8.87,310.56,11.06,321.62,11.96,10.45,6.89,10.09,119.68,131.41,102.15,88.3,395.49,483.8,585.94,45.62,2.24,47.86,690.01,1574.9,69.27,98790.47,24862.94,127.43,1932.4,414.0,12094.67,43774.33,4536.67,498.33,1087.67,2648.0,1748.67,83.0,408.0,3031.33,70550.33
2009-10-01,16072.94,184.09,6.35,10051.54,129.37,1717.05,1784.19,2037.01,-10.08,60.39,1081.22,1006.97,1925.64,65.89,77.97,48.73,13.23,192.19,16.48,6.55,66.5,165.25,38.01,143.42,346.68,628.4,5.65,11.78,8.93,4.82,5.04,295.09,0.66,11.29,307.04,4.71,1.36,3.35,12.48,287.12,10.8,297.91,11.65,10.13,6.7,9.7,251.03,198.63,106.91,84.96,436.92,521.88,628.79,48.3,2.32,50.61,537.01,1666.08,70.97,73279.3,22723.9,131.28,1925.64,414.5,12097.25,43822.75,4546.75,494.75,1086.75,2648.0,1747.75,91.5,408.0,3069.25,70652.75
2009-11-01,14811.55,186.79,5.91,9171.53,128.09,2117.62,1237.9,1820.37,-47.73,74.89,1056.62,984.96,1918.88,64.91,75.28,30.39,11.36,205.04,16.84,5.22,67.1,161.82,38.69,142.41,342.92,637.12,6.34,11.48,9.45,5.44,5.06,285.01,0.65,10.98,296.64,3.83,1.28,2.55,20.52,268.16,10.5,278.66,11.26,9.78,6.4,9.34,376.49,251.34,103.53,80.67,452.03,532.7,636.23,51.78,2.24,54.02,457.09,1775.17,71.26,65470.0,19159.06,131.27,1918.88,415.0,12099.83,43871.17,4556.83,491.17,1085.83,2648.0,1746.83,100.0,408.0,3107.17,70755.17
2009-12-01,16647.9,186.24,7.69,10548.2,125.01,2500.81,1290.58,1863.89,-60.38,64.93,1132.17,1056.27,1912.12,52.82,61.94,55.41,12.21,241.36,17.91,4.79,67.4,168.17,39.27,147.01,354.45,685.92,6.22,10.42,9.1,5.97,6.24,338.1,0.7,11.71,350.51,4.6,1.35,3.25,32.25,310.29,11.21,321.51,10.9,9.7,6.54,9.4,764.29,428.67,106.18,91.12,504.64,595.76,701.94,73.87,2.32,76.19,519.85,2490.93,71.39,74944.51,21942.68,130.53,1912.12,415.5,12102.42,43919.58,4566.92,487.58,1084.92,2648.0,1745.92,108.5,408.0,3145.08,70857.58
2010-01-01,15803.65,195.23,3.79,9876.68,139.41,2383.97,1327.39,1769.27,-60.32,77.33,1103.65,1027.59,1914.15,56.22,64.55,52.28,12.29,218.37,17.85,4.36,66.87,167.13,38.96,141.17,347.26,654.71,6.84,10.56,9.65,6.93,6.98,348.13,0.71,12.12,360.96,5.31,1.17,4.14,22.13,331.88,11.08,342.96,10.49,9.55,6.5,9.28,932.61,499.11,105.62,90.01,554.25,644.26,749.88,79.95,2.43,82.38,545.81,2809.79,76.65,69528.66,20256.04,138.5,1914.15,416.0,12105.0,43968.0,4577.0,484.0,1084.0,2648.0,1745.0,117.0,408.0,3183.0,70960.0
2010-02-01,14833.85,187.32,4.38,9074.77,121.57,2217.69,1447.23,1712.28,-70.5,57.62,990.65,923.87,1916.18,54.34,63.64,66.29,11.83,200.87,15.87,4.91,52.99,153.69,35.33,135.0,324.02,598.67,6.64,10.69,9.71,6.76,6.27,307.99,0.62,11.12,319.74,4.41,1.03,3.39,14.52,298.46,10.14,308.6,10.89,9.89,6.55,9.47,794.78,440.86,97.74,79.58,515.72,595.3,693.04,70.46,2.2,72.66,479.62,2480.95,75.0,63620.6,19038.04,132.49,1916.18,406.5,12108.33,43963.83,4582.83,470.58,1089.75,2648.0,1744.92,126.25,408.0,3250.42,71022.5
2010-03-01,16222.97,126.51,3.82,9679.69,133.42,2137.82,2038.5,2002.22,-67.88,73.81,1081.85,1016.29,1918.21,57.05,68.9,55.39,12.18,203.76,17.8,7.07,83.8,167.17,39.93,147.77,354.87,667.29,6.5,10.99,9.7,6.01,5.47,299.57,0.66,11.94,312.17,4.36,1.31,3.05,11.82,292.51,10.88,303.4,11.11,9.95,6.53,9.48,579.24,337.18,108.56,83.5,515.0,598.5,707.05,60.15,2.43,62.58,456.86,2142.93,47.41,68746.58,20861.12,108.71,1918.21,397.0,12111.67,43959.67,4588.67,457.17,1095.5,2648.0,1744.83,135.5,408.0,3317.83,71085.0
2010-04-01,15748.7,170.34,3.27,8142.95,135.17,2499.61,2580.92,2076.13,-6.88,64.94,1020.97,959.54,1920.24,55.46,67.33,66.64,11.79,186.31,16.99,8.07,95.26,159.73,39.18,147.28,346.19,652.82,5.88,11.97,9.57,5.12,4.91,276.12,0.65,11.03,287.8,3.89,1.28,2.61,13.27,267.05,10.09,277.14,11.71,9.95,6.55,9.53,313.17,215.38,104.76,78.72,459.02,537.75,642.51,46.92,2.36,49.28,471.48,1691.81,68.47,57463.18,20255.54,124.46,1920.24,387.5,12115.0,43955.5,4594.5,443.75,1101.25,2648.0,1744.75,144.75,408.0,3385.25,71147.5
2010-05-01,16011.95,178.61,3.0,5920.87,153.0,3354.94,3945.32,2287.65,10.21,77.33,1072.52,1003.91,1922.27,61.25,74.13,57.89,12.66,244.67,17.84,9.19,84.85,161.74,38.92,153.72,354.38,710.94,5.81,13.12,9.5,5.08,4.96,315.66,0.67,11.61,327.94,3.06,1.74,1.32,34.92,283.73,10.61,294.34,11.91,10.15,6.64,9.72,197.51,161.15,107.55,81.56,462.77,544.32,651.87,44.64,2.43,47.07,559.67,1617.27,69.47,41735.44,19017.65,132.24,1922.27,378.0,12118.33,43951.33,4600.33,430.33,1107.0,2648.0,1744.67,154.0,408.0,3452.67,71210.0
2010-06-01,16349.86,187.3,7.46,5519.72,140.65,3269.38,4440.19,2560.26,57.61,76.91,1037.85,967.74,1924.3,66.21,81.87,70.0,13.91,291.25,17.22,9.49,78.53,163.04,38.73,153.31,355.09,751.58,6.02,14.86,9.72,5.04,5.31,362.99,0.7,12.08,375.76,4.06,1.56,2.5,36.33,330.89,11.04,341.93,11.91,10.56,6.97,10.18,134.04,129.71,102.82,84.36,444.83,529.19,632.02,45.73,2.36,48.08,705.67,1649.52,74.19,39485.68,22036.6,132.79,1924.3,368.5,12121.67,43947.17,4606.17,416.92,1112.75,2648.0,1744.58,163.25,408.0,3520.08,71272.5
2010-07-01,19938.18,195.13,4.04,9112.89,166.35,3378.46,4175.5,2672.88,73.38,82.66,1064.0,991.32,1926.33,70.18,87.13,64.22,14.39,239.19,17.48,9.73,65.6,169.11,39.6,157.13,365.84,697.83,6.31,16.21,10.04,5.49,5.34,396.2,0.81,12.72,409.73,4.31,1.49,2.81,31.83,369.02,11.69,380.71,12.04,10.72,7.23,10.46,111.31,120.18,106.76,91.41,445.73,537.14,643.9,50.83,2.43,53.26,897.18,1825.83,75.77,67049.23,23616.31,137.8,1926.33,359.0,12125.0,43943.0,4612.0,403.5,1118.5,2648.0,1744.5,172.5,408.0,3587.5,71335.0
2010-08-01,20680.43,181.33,3.03,10751.99,189.56,3382.21,3519.7,2472.66,24.85,76.62,1069.38,998.41,1928.36,74.4,90.58,44.97,14.28,196.28,17.71,9.6,65.23,170.47,39.61,157.38,367.46,656.28,6.22,16.65,9.94,5.37,5.06,394.65,0.84,13.4,408.88,3.64,1.82,1.82,26.64,371.77,12.3,384.07,12.03,10.62,7.22,10.4,107.07,126.67,108.02,94.8,444.57,539.37,647.39,52.36,2.43,54.79,943.0,1878.93,71.3,79345.17,24533.68,133.31,1928.36,349.5,12128.33,43938.83,4617.83,390.08,1124.25,2648.0,1744.42,181.75,408.0,3654.92,71397.5
2010-09-01,18493.41,185.53,4.42,9916.28,139.5,3236.52,2643.0,2211.54,26.24,49.71,1037.72,966.51,1930.39,74.28,88.77,43.79,14.32,168.44,17.11,8.7,69.32,165.52,37.46,151.72,354.7,618.27,5.72,15.63,9.56,4.61,4.61,333.06,0.75,12.24,346.05,2.91,2.39,0.52,7.6,327.74,11.22,338.96,11.95,10.52,7.0,10.17,117.3,132.94,107.19,86.98,448.76,535.74,642.93,45.24,2.36,47.6,696.72,1637.49,73.97,72918.6,23995.94,134.91,1930.39,340.0,12131.67,43934.67,4623.67,376.67,1130.0,2648.0,1744.33,191.0,408.0,3722.33,71460.0
2010-10-01,17379.95,167.89,6.7,11216.49,111.2,1848.43,1974.57,1901.87,-2.08,72.02,994.81,921.54,1932.42,63.65,73.68,67.64,13.09,172.52,16.98,7.45,77.5,165.62,39.21,159.12,363.95,638.38,5.7,13.37,9.27,4.73,4.45,295.65,0.71,11.56,307.92,2.54,2.1,0.43,9.91,287.84,10.61,298.45,11.86,10.25,6.8,9.81,201.58,185.34,112.82,83.94,462.58,546.52,659.33,45.89,2.43,48.32,570.36,1664.94,67.73,80270.73,22506.21,117.61,1932.42,330.5,12135.0,43930.5,4629.5,363.25,1135.75,2648.0,1744.25,200.25,408.0,3789.75,71522.5
2010-11-01,15756.73,137.17,3.81,9447.78,123.63,1996.66,2070.32,1869.33,-48.43,67.25,1039.21,966.15,1934.45,59.13,68.33,43.66,12.39,190.84,17.11,6.25,95.1,164.42,40.2,156.08,360.7,670.01,5.48,10.89,8.86,4.6,4.55,293.83,0.68,11.49,306.01,2.67,1.87,0.79,21.38,274.9,10.52,285.42,11.62,9.99,6.56,9.55,446.8,286.7,109.03,81.92,494.83,576.76,685.78,55.12,2.36,57.47,496.54,1973.29,54.36,68188.04,20114.54,107.41,1934.45,321.0,12138.33,43926.33,4635.33,349.83,1141.5,2648.0,1744.17,209.5,408.0,3857.17,71585.0
2010-12-01,16905.93,187.86,5.92,8862.21,141.18,2495.08,3268.24,1913.64,-107.47,62.85,1087.49,1013.69,1936.49,55.4,62.9,60.89,12.17,226.04,18.03,5.66,88.38,173.05,40.78,161.46,375.29,713.39,5.74,9.98,8.82,5.5,5.68,348.55,0.79,12.78,362.12,3.95,1.36,2.6,33.94,319.05,11.73,330.77,11.06,9.82,6.6,9.52,847.0,467.37,114.76,92.21,549.15,641.36,756.13,76.85,2.43,79.28,564.27,2714.05,77.64,62874.06,22299.2,142.55,1936.49,311.5,12141.67,43922.17,4641.17,336.42,1147.25,2648.0,1744.08,218.75,408.0,3924.58,71647.5
2011-01-01,15483.4,208.84,3.18,7512.79,123.91,2528.6,3273.56,1825.45,-113.79,59.53,1095.82,1023.03,1914.15,57.82,65.35,39.67,12.4,248.06,18.48,5.44,83.08,176.4,38.54,152.11,367.04,722.1,5.69,9.9,8.74,5.66,5.66,350.0,0.82,12.05,362.87,4.28,1.59,2.69,20.2,334.12,11.25,345.36,10.87,9.78,6.53,9.48,969.78,528.0,106.98,89.58,569.35,658.93,765.9,82.63,2.55,85.17,539.79,2888.64,85.87,54002.24,21010.17,155.66,1938.69,302.0,12145.0,43918.0,4647.0,323.0,1153.0,2648.0,1744.0,228.0,408.0,3992.0,71710.0
2011-02-01,14640.44,174.54,3.29,7404.17,98.03,2496.6,2386.63,1921.85,10.96,78.41,990.85,922.87,1916.18,51.78,60.96,54.4,12.21,234.46,16.68,6.27,101.55,157.53,35.78,143.37,336.68,695.64,5.75,10.14,8.88,5.77,5.29,301.63,0.73,10.77,313.13,3.74,1.52,2.22,8.4,296.9,10.04,306.95,11.06,9.99,6.63,9.56,767.99,431.73,96.97,80.5,519.25,599.75,696.73,69.97,2.3,72.26,483.69,2452.4,69.29,54032.45,19138.65,131.4,1940.89,297.42,12145.0,43969.17,4647.0,323.17,1155.42,2652.58,1745.0,274.0,408.0,4073.25,71882.58
2011-04-01,15764.73,160.94,3.82,5881.16,160.19,3223.31,3901.15,2236.12,24.4,87.15,1090.75,1016.27,1918.21,56.31,66.23,62.93,11.91,302.5,18.39,8.69,102.45,169.21,38.51,158.98,366.69,798.73,5.73,10.43,8.89,5.21,4.84,306.81,0.75,11.15,318.71,4.02,1.54,2.48,18.74,292.05,10.4,302.45,11.52,9.93,6.53,9.55,594.93,360.94,111.45,81.62,534.15,615.77,727.21,62.94,2.55,65.49,481.93,2230.49,64.02,43178.63,21515.35,128.25,1943.1,292.83,12145.0,44020.33,4647.0,323.33,1157.83,2657.17,1746.0,320.0,408.0,4154.5,72055.17
2011-04-01,15764.73,168.36,2.64,5003.84,132.98,3238.7,4609.34,2474.85,-12.19,69.37,1000.93,930.99,1920.24,59.28,71.03,61.28,12.09,303.08,17.26,9.86,120.69,159.16,35.68,152.52,347.36,798.25,5.62,11.27,9.02,5.34,5.03,290.52,0.71,11.18,302.4,3.8,1.6,2.2,19.01,275.2,10.38,285.58,11.67,9.96,6.53,9.54,340.55,232.01,108.77,82.99,485.81,568.8,677.57,50.98,2.46,53.44,521.45,1825.02,68.27,37146.67,19410.34,124.06,1945.3,288.25,12145.0,44071.5,4647.0,323.5,1160.25,2661.75,1747.0,366.0,408.0,4235.75,72227.75
2011-05-01,15248.89,169.86,2.98,4459.63,118.1,2518.59,5120.27,2654.96,37.78,87.33,1077.36,1006.0,1922.27,61.04,74.58,59.85,12.64,316.62,18.19,10.98,114.38,160.68,37.2,163.01,360.89,821.05,5.8,12.5,9.35,5.21,5.04,311.4,0.87,11.36,323.63,4.9,1.28,3.62,28.58,287.99,10.68,298.67,11.93,10.19,6.68,9.78,205.4,166.25,111.9,86.95,476.16,563.1,675.0,46.2,2.55,48.75,572.0,1667.4,66.94,33598.7,20191.01,133.38,1947.5,283.67,12145.0,44122.67,4647.0,323.67,1162.67,2666.33,1748.0,412.0,408.0,4317.0,72400.33
2011-06-01,16161.55,164.57,2.96,4958.86,136.66,3088.56,4978.91,2646.66,28.89,79.51,991.41,928.39,1924.3,64.39,79.7,68.97,13.96,312.38,17.02,11.37,106.73,167.47,38.06,166.29,371.82,819.32,6.12,14.7,9.57,5.21,5.2,354.93,0.86,11.94,367.73,4.48,1.32,3.17,31.01,328.71,11.18,339.89,11.97,10.66,7.14,10.26,132.67,133.86,107.45,87.7,447.74,535.44,642.89,46.04,2.46,48.5,699.41,1657.33,64.31,36986.79,21788.56,126.35,1949.71,279.08,12145.0,44173.83,4647.0,323.83,1165.08,2670.92,1749.0,458.0,408.0,4398.25,72572.92
2011-07-01,19471.24,176.61,4.96,7945.67,145.37,3371.01,4993.19,2588.06,68.27,89.36,1055.2,981.52,1926.33,72.77,89.23,57.74,14.64,303.96,17.72,11.52,72.76,172.06,39.34,160.35,371.74,777.71,6.16,16.14,9.58,5.05,5.13,404.8,1.02,12.87,418.69,6.02,1.26,4.77,40.63,370.69,12.14,382.83,12.09,10.67,7.32,10.47,114.19,130.15,109.61,97.21,445.35,542.56,652.16,52.9,2.55,55.45,938.58,1890.52,67.81,59758.0,23355.02,132.57,1951.91,274.5,12145.0,44225.0,4647.0,324.0,1167.5,2675.5,1750.0,504.0,408.0,4479.5,72745.5
2011-08-01,20258.59,165.75,5.41,9761.63,154.1,3285.63,4039.76,2645.86,35.02,82.18,1056.67,983.99,1928.36,75.57,92.65,47.63,14.23,250.32,17.78,11.79,72.61,172.25,39.45,172.39,384.09,736.59,6.19,16.67,9.77,5.21,4.85,392.44,0.99,13.09,406.51,5.58,1.01,4.58,26.07,372.72,12.29,385.01,12.09,10.72,7.39,10.49,112.28,137.96,110.98,99.45,454.22,553.67,664.65,52.9,2.55,55.44,921.45,1891.78,64.11,72934.98,26070.63,128.2,1954.11,269.92,12145.0,44276.17,4647.0,324.17,1169.92,2680.08,1751.0,550.0,408.0,4560.75,72918.08
2011-09-01,18730.24,153.1,8.18,9942.13,161.97,2960.29,3241.72,2162.89,-17.47,49.21,1012.71,942.3,1930.39,73.41,90.67,52.87,13.97,207.71,17.13,10.53,66.74,166.92,37.73,158.33,362.98,665.08,5.94,15.63,9.46,4.84,4.71,325.11,0.87,11.95,337.93,4.04,1.02,3.02,3.51,326.25,11.2,337.45,12.17,10.59,7.15,10.29,122.75,141.63,109.47,90.59,458.61,549.2,658.66,45.93,2.46,48.39,684.2,1655.63,61.06,73286.07,25141.57,120.8,1956.32,265.33,12145.0,44327.33,4647.0,324.33,1172.33,2684.67,1752.0,596.0,408.0,4642.0,73090.67
2011-10-01,16050.13,166.52,3.09,7983.3,131.38,3358.66,2276.99,2067.52,-81.17,72.71,1062.73,988.8,1932.42,68.8,82.42,45.69,13.24,192.25,17.84,9.5,102.27,165.52,39.84,165.55,370.91,692.76,5.45,12.85,8.94,4.71,4.49,296.68,0.8,11.22,308.7,3.7,0.91,2.79,12.85,288.13,10.5,298.64,12.08,10.25,6.77,9.83,225.51,206.14,116.32,84.51,486.14,570.65,686.97,48.36,2.55,50.91,574.93,1744.45,65.11,57314.29,22072.77,130.19,1958.52,260.75,12145.0,44378.5,4647.0,324.5,1174.75,2689.25,1753.0,642.0,408.0,4723.25,73263.25
2011-11-01,15525.97,122.76,3.13,7877.08,156.85,3268.23,1959.49,2009.52,-2.28,77.8,1038.19,964.95,1934.45,58.02,67.9,50.96,12.52,200.93,17.57,7.57,120.85,166.68,40.35,165.57,372.61,719.53,5.29,10.78,8.62,4.64,4.26,291.64,0.8,11.66,304.1,3.47,1.13,2.34,20.32,275.24,10.89,286.12,11.78,9.98,6.53,9.58,434.5,286.45,114.77,86.03,508.17,594.2,708.97,56.95,2.46,59.41,542.55,2031.87,46.46,56338.56,20439.48,106.9,1960.72,256.17,12145.0,44429.67,4647.0,324.67,1177.17,2693.83,1754.0,688.0,408.0,4804.5,73435.83
2011-12-01,17704.93,150.34,3.01,10243.56,147.44,3325.06,1776.46,1988.68,-67.21,84.35,1079.78,1004.81,1936.49,55.59,64.13,33.52,12.03,230.58,18.26,7.37,103.53,176.38,41.32,174.94,392.65,752.38,5.03,9.83,8.3,4.59,4.18,322.23,0.87,12.64,335.74,4.26,0.87,3.39,25.47,301.84,11.81,313.65,11.4,9.77,6.51,9.53,693.23,400.21,117.94,95.54,546.52,642.06,760.0,72.0,2.55,74.55,613.89,2541.88,55.82,72293.27,21808.17,121.96,1962.92,251.58,12145.0,44480.83,4647.0,324.83,1179.58,2698.42,1755.0,734.0,408.0,4885.75,73608.42
2012-01-01,15904.5,148.2,7.12,9419.37,151.38,2699.73,1334.54,1990.22,17.93,77.79,1024.61,951.23,1967.15,60.18,69.71,33.83,12.74,219.89,17.4,7.18,129.73,172.87,38.4,154.45,365.72,739.92,4.85,9.62,8.04,4.58,3.82,326.19,0.92,12.43,339.53,4.15,0.93,3.22,20.1,310.98,11.67,322.64,11.41,9.84,6.44,9.61,794.37,445.86,118.88,94.33,571.54,665.88,784.76,79.83,2.54,82.37,648.82,2756.18,54.14,68112.26,20887.55,120.99,1967.15,247.0,12145.0,44532.0,4647.0,325.0,1182.0,2703.0,1756.0,780.0,408.0,4967.0,73781.0
2012-02-01,14595.2,146.77,12.53,9415.71,136.92,1491.04,1105.48,2108.22,73.65,70.36,965.38,896.66,1971.37,55.62,66.21,47.09,12.46,193.02,16.39,8.05,105.17,162.4,36.33,151.02,349.75,672.38,4.73,9.47,7.76,4.19,3.46,296.79,0.9,11.7,309.39,3.64,0.87,2.77,14.16,286.98,11.02,298.0,11.51,9.94,6.45,9.58,662.06,387.05,109.04,88.88,534.33,623.22,732.25,72.4,2.38,74.77,644.53,2500.65,55.39,68045.76,19050.38,114.73,1971.37,247.0,12145.83,44745.08,4459.17,325.0,1184.5,2703.0,1755.5,973.5,451.08,5035.17,74113.92
2012-03-01,14993.49,146.46,8.2,8947.35,146.64,1674.98,1493.44,2435.06,60.94,71.63,1046.98,976.06,1975.6,54.59,66.39,60.06,12.31,246.55,17.61,11.52,133.48,165.53,39.88,162.97,368.38,777.53,4.84,10.41,8.16,3.71,3.09,296.5,0.91,11.68,309.09,4.21,1.2,3.01,17.35,283.73,11.01,294.74,11.7,9.84,6.46,9.52,403.15,261.56,117.01,90.89,517.65,608.54,725.54,60.87,2.54,63.4,674.1,2127.76,53.78,65542.84,20177.83,115.55,1975.6,247.0,12146.67,44958.17,4271.33,325.0,1187.0,2703.0,1755.0,1167.0,494.17,5103.33,74446.83
2012-04-01,14506.22,106.11,18.24,8275.19,132.92,1185.12,2307.14,2358.83,58.27,62.75,1031.13,959.58,1979.82,60.56,74.3,56.07,12.37,250.22,17.08,13.31,120.94,156.66,37.23,159.35,353.24,754.79,4.19,10.94,8.04,3.21,2.81,283.18,0.89,11.16,295.23,5.0,1.26,3.74,17.67,270.76,10.54,281.29,11.92,9.82,6.38,9.47,279.21,208.94,112.91,90.28,489.23,579.52,692.42,55.7,2.46,58.16,714.34,1953.07,42.27,61986.89,18947.64,71.65,1979.82,247.0,12147.5,45171.25,4083.5,325.0,1189.5,2703.0,1754.5,1360.5,537.25,5171.5,74779.75
2012-05-01,15954.17,72.03,8.78,8218.3,130.87,822.97,3471.66,3039.43,112.41,71.08,1061.23,987.8,1984.04,66.36,81.13,58.86,12.87,272.56,17.79,15.74,119.34,165.31,38.2,168.68,372.19,797.62,4.3,12.61,8.14,3.02,3.05,323.6,0.93,11.99,336.52,5.47,1.15,4.32,32.57,296.97,11.3,308.27,11.9,9.96,6.53,9.64,163.08,149.14,117.15,94.99,481.29,576.28,693.43,53.18,2.54,55.71,812.47,1873.84,23.79,62324.06,20601.2,79.48,1984.04,247.0,12148.33,45384.33,3895.67,325.0,1192.0,2703.0,1754.0,1554.0,580.33,5239.67,75112.67
2012-06-01,16375.64,128.91,14.97,8703.03,126.03,1096.92,3050.12,3102.43,70.77,74.32,1021.35,950.25,1988.27,67.95,84.43,62.1,14.67,253.69,17.36,16.46,113.93,164.83,37.01,164.1,365.94,767.37,4.63,14.18,8.44,3.34,3.21,347.76,0.98,12.09,360.83,5.37,1.21,4.16,28.4,325.16,11.43,336.59,12.09,10.39,6.89,10.13,123.34,131.07,112.65,97.77,468.04,565.81,678.47,53.15,2.46,55.6,879.88,1868.36,46.19,64914.98,22015.23,104.86,1988.27,247.0,12149.17,45597.42,3707.83,325.0,1194.5,2703.0,1753.5,1747.5,623.42,5307.83,75445.58
2012-07-01,18443.32,125.18,8.64,10270.36,135.15,1674.24,3281.74,2808.73,63.6,68.73,1065.74,991.33,1992.49,73.34,90.45,52.95,14.26,252.09,17.95,16.86,83.95,171.85,39.31,156.84,367.99,738.84,4.88,15.13,8.52,3.6,3.54,400.32,1.14,13.19,414.64,6.68,1.01,5.67,36.82,370.96,12.53,383.49,12.0,10.39,7.13,10.3,107.52,124.5,119.42,107.19,467.89,575.08,694.5,59.04,2.54,61.58,1081.69,2069.77,46.48,76726.06,23334.01,108.25,1992.49,247.0,12150.0,45810.5,3520.0,325.0,1197.0,2703.0,1753.0,1941.0,666.5,5376.0,75778.5
2012-08-01,21409.19,135.6,11.58,13518.69,130.99,1672.77,2974.88,2777.04,111.35,69.42,1058.37,983.43,1996.71,80.69,98.06,40.34,15.2,219.19,17.79,16.28,80.59,173.26,39.28,166.44,378.98,712.83,5.13,15.82,8.71,3.83,3.61,381.49,1.05,13.16,395.7,6.35,0.85,5.5,23.99,364.79,12.42,377.21,12.17,10.39,7.08,10.32,105.6,133.48,118.83,104.79,482.43,587.22,706.05,57.21,2.54,59.75,1003.94,2008.82,51.6,105130.32,26232.37,111.7,1996.71,247.0,12150.83,46023.58,3332.17,325.0,1199.5,2703.0,1752.5,2134.5,709.58,5444.17,76111.42
2012-09-01,19230.21,126.13,10.8,12311.17,97.91,1603.81,2439.49,2442.43,130.17,61.03,1040.98,967.29,2000.94,79.21,94.27,36.63,15.51,167.52,17.58,15.2,83.64,167.65,37.26,148.91,353.82,637.76,4.76,14.72,8.35,3.56,3.54,321.59,0.93,12.07,334.59,4.91,0.91,4.0,9.13,318.09,11.37,329.46,12.3,10.5,6.97,10.26,118.61,141.66,115.66,95.57,479.46,575.03,690.69,51.2,2.46,53.66,802.59,1807.21,47.96,93131.96,24117.86,106.39,2000.94,247.0,12151.67,46236.67,3144.33,325.0,1202.0,2703.0,1752.0,2328.0,752.67,5512.33,76444.33
2012-10-01,17602.94,98.0,15.03,11408.71,125.43,1520.72,1890.19,2483.55,-1.34,55.62,1058.41,982.89,2005.16,69.31,82.94,48.79,13.29,157.02,18.03,13.99,120.24,168.3,40.77,158.24,367.31,676.58,4.65,11.68,8.07,3.94,4.0,298.91,0.9,11.84,311.65,4.41,0.74,3.66,13.43,290.74,11.15,301.88,12.03,10.08,6.62,9.74,240.11,212.77,119.77,93.51,509.27,602.79,722.56,53.92,2.54,56.46,669.2,1901.08,35.54,85123.35,23816.74,95.05,2005.16,247.0,12152.5,46449.75,2956.5,325.0,1204.5,2703.0,1751.5,2521.5,795.75,5580.5,76777.25
2012-11-01,15152.94,60.18,8.73,9862.56,93.99,1541.25,1521.08,2031.62,-31.2,60.01,1053.75,981.38,2009.38,61.48,72.4,53.2,12.88,178.26,18.02,11.41,110.85,167.17,40.67,149.27,357.11,675.65,4.79,9.99,7.99,4.46,4.43,293.05,0.88,12.05,305.98,4.7,0.8,3.9,20.35,278.21,11.31,289.52,11.75,9.89,6.5,9.58,482.13,308.08,116.07,92.89,524.35,617.25,733.32,62.11,2.46,64.56,579.75,2167.84,16.67,72003.02,20023.56,69.47,2009.38,247.0,12153.33,46662.83,2768.67,325.0,1207.0,2703.0,1751.0,2715.0,838.83,5648.67,77110.17
2012-12-01,15350.77,81.52,9.46,9317.88,75.92,1523.86,1967.61,2389.28,-91.69,71.95,1091.09,1016.28,2013.61,52.23,61.1,64.59,12.67,218.71,18.61,11.01,138.22,174.43,42.28,151.96,368.68,755.23,4.79,9.8,8.18,4.73,4.35,321.0,0.89,12.75,334.64,4.4,1.07,3.33,28.75,297.29,11.93,309.22,11.62,9.81,6.52,9.64,670.34,390.84,118.88,97.92,551.69,649.61,768.49,72.2,2.54,74.73,599.5,2503.91,27.93,66795.41,20333.69,85.01,2013.61,247.0,12154.17,46875.92,2580.83,325.0,1209.5,2703.0,1750.5,2908.5,881.92,5716.83,77443.08
2013-01-01,15458.49,65.34,2.84,9693.41,110.42,1672.51,1693.73,2174.67,-32.63,78.2,1068.25,994.31,2017.85,54.24,62.9,36.03,13.03,236.89,18.58,10.48,140.62,185.33,41.43,149.12,375.89,782.45,4.52,9.15,7.75,4.58,4.56,335.06,0.98,12.92,348.97,5.38,1.06,4.32,20.31,320.68,12.3,332.98,11.46,9.77,6.5,9.64,872.29,478.98,123.95,100.08,576.22,676.3,800.25,93.02,2.55,95.57,631.69,2878.79,21.05,69201.29,22027.29,74.74,2017.85,247.0,12155.0,47089.0,2393.0,325.0,1212.0,2703.0,1750.0,3102.0,925.0,5785.0,77776.0
2013-02-01,13761.44,60.36,2.66,8942.46,113.25,793.3,1503.71,2283.21,-7.41,69.9,948.56,881.12,2022.1,54.58,65.18,43.59,12.98,194.81,16.67,12.24,134.3,166.59,36.99,139.26,342.84,700.85,4.56,9.23,7.78,4.54,4.59,297.2,0.89,11.64,309.73,5.09,0.85,4.25,11.42,291.48,11.08,302.56,11.63,10.06,6.66,9.77,750.08,429.01,112.28,89.41,532.78,622.19,734.48,82.89,2.31,85.2,568.39,2567.16,20.09,63679.8,19212.53,70.76,2022.1,238.0,12162.42,47014.08,2393.0,325.08,1219.0,2703.0,1749.92,3241.67,955.58,5792.0,77883.67
2013-03-01,14469.72,29.97,3.13,8590.14,151.07,995.69,1786.29,2887.17,-31.51,57.78,1078.96,1005.55,2026.34,60.83,75.23,50.37,12.84,195.92,18.54,17.08,150.33,181.59,42.16,161.0,384.75,766.61,4.75,9.35,7.77,4.59,4.5,311.83,1.0,12.58,325.4,5.58,0.95,4.63,20.8,297.23,12.0,309.23,11.61,10.02,6.64,9.71,662.26,393.46,123.98,97.17,556.84,654.01,777.99,80.94,2.55,83.49,603.91,2521.11,6.26,61662.02,19826.86,58.42,2026.34,229.0,12169.83,46939.17,2393.0,325.17,1226.0,2703.0,1749.83,3381.33,986.17,5799.0,77991.33
2013-04-01,14730.21,58.32,4.96,7392.38,127.53,1625.68,2253.97,3233.84,-0.12,33.64,987.77,931.76,2030.58,61.32,74.8,55.01,12.98,239.45,17.38,18.67,166.74,171.49,40.77,161.77,374.03,816.27,5.16,10.43,8.15,4.95,4.84,286.81,0.95,11.58,299.33,5.22,1.25,3.98,14.45,277.78,11.08,288.86,11.93,9.96,6.58,9.66,366.42,249.3,121.53,92.42,508.17,600.59,722.12,62.33,2.47,64.8,564.83,1967.46,19.72,53984.54,19388.69,64.73,2030.58,220.0,12177.25,46864.25,2393.0,325.25,1233.0,2703.0,1749.75,3521.0,1016.75,5806.0,78099.0
2013-05-01,15986.83,54.2,8.29,7788.85,111.75,1677.72,2707.41,3575.21,16.39,44.25,1040.76,979.37,2034.83,67.19,81.32,53.66,13.8,271.44,17.87,20.77,154.93,178.79,41.47,169.9,390.16,855.18,5.55,12.61,8.71,5.0,4.79,309.03,0.98,12.15,322.16,5.97,0.96,5.01,26.16,289.4,11.61,301.01,12.4,10.22,6.75,9.92,193.22,168.85,125.15,93.41,499.53,592.94,718.09,54.95,2.55,57.5,614.81,1752.47,18.74,58001.15,21327.5,71.09,2034.83,211.0,12184.67,46789.33,2393.0,325.33,1240.0,2703.0,1749.67,3660.67,1047.33,5813.0,78206.67
2013-06-01,17518.19,119.61,2.96,9217.1,111.3,1483.96,2861.12,3553.47,85.54,77.65,1009.72,938.41,2039.07,70.2,86.3,57.47,15.84,261.27,17.42,22.02,131.17,179.13,40.44,172.55,392.12,824.0,5.74,15.02,9.07,4.9,4.56,343.29,1.03,12.51,356.82,6.29,0.78,5.51,30.17,320.2,11.97,332.17,12.54,10.65,7.25,10.45,127.66,136.05,120.93,95.7,468.19,563.89,684.82,54.77,2.47,57.24,737.15,1742.92,47.62,67821.54,21981.28,104.36,2039.07,202.0,12192.08,46714.42,2393.0,325.42,1247.0,2703.0,1749.58,3800.33,1077.92,5820.0,78314.33
2013-07-01,20221.01,118.03,4.13,11679.54,116.41,1485.85,3192.67,3422.25,118.1,80.54,1072.84,999.08,2043.31,74.56,91.26,52.47,15.78,260.04,18.15,22.3,105.84,190.45,41.96,170.61,403.03,809.36,5.51,16.3,9.04,4.47,4.34,380.11,1.24,13.5,394.85,6.86,0.98,5.87,28.99,358.7,13.03,371.73,12.65,10.7,7.45,10.69,111.51,135.06,127.43,104.53,473.39,577.92,705.35,60.74,2.55,63.29,911.12,1926.33,47.52,86114.58,25635.02,105.11,2043.31,193.0,12199.5,46639.5,2393.0,325.5,1254.0,2703.0,1749.5,3940.0,1108.5,5827.0,78422.0
2013-08-01,19948.22,111.26,4.15,11937.4,115.44,1688.18,2628.51,3433.48,-52.61,78.13,1062.55,993.21,2047.56,75.43,92.42,47.73,15.66,206.4,18.01,23.25,91.92,188.04,42.2,170.07,400.31,739.9,5.24,16.43,9.04,4.31,4.03,370.94,1.15,13.2,385.29,6.99,0.85,6.14,25.17,353.58,12.68,366.26,12.53,10.69,7.37,10.58,107.73,137.02,127.16,103.61,487.99,591.6,718.76,60.79,2.55,63.34,900.53,1927.38,45.65,87267.45,25147.42,99.02,2047.56,184.0,12206.92,46564.58,2393.0,325.58,1261.0,2703.0,1749.42,4079.67,1139.08,5834.0,78529.67
2013-09-01,18906.17,100.77,4.23,11891.26,137.66,1634.28,1766.08,3222.71,66.13,79.16,1034.48,964.11,2051.8,75.04,89.9,42.68,15.66,161.83,17.62,22.05,111.38,176.63,39.91,169.99,386.54,699.41,5.21,15.69,8.8,4.36,4.22,327.64,1.07,12.23,340.94,5.66,0.73,4.93,10.63,323.48,11.76,335.24,12.51,10.53,7.22,10.43,117.8,141.93,122.74,95.66,479.38,575.04,697.77,55.52,2.47,57.99,751.48,1766.97,39.57,87096.19,24297.24,95.38,2051.8,175.0,12214.33,46489.67,2393.0,325.67,1268.0,2703.0,1749.33,4219.33,1169.67,5841.0,78637.33
2013-10-01,16374.07,46.36,2.89,10315.61,101.22,1581.36,1409.27,2807.27,37.72,71.45,1060.77,997.97,2056.04,65.26,79.06,48.2,14.64,164.09,18.4,21.26,130.09,180.83,41.98,182.75,405.55,739.4,4.88,12.38,8.28,4.36,4.26,301.78,0.96,12.18,314.93,5.32,0.97,4.35,13.28,294.37,11.62,305.99,12.36,10.28,6.87,10.02,222.67,206.67,127.21,95.69,516.19,611.88,739.1,58.74,2.55,61.29,637.04,1866.76,15.05,73632.17,22151.81,64.14,2056.04,166.0,12221.75,46414.75,2393.0,325.75,1275.0,2703.0,1749.25,4359.0,1200.25,5848.0,78745.0
2013-11-01,15509.5,30.41,3.03,10189.73,117.34,1595.49,1033.06,2470.97,-1.06,70.51,923.57,923.48,2060.29,62.1,72.8,46.03,14.02,168.66,16.96,17.58,150.78,181.21,42.27,174.95,398.43,752.4,4.78,10.04,7.94,4.62,4.36,301.29,0.94,12.32,314.54,5.56,0.9,4.66,25.99,281.49,11.72,293.21,12.1,10.03,6.65,9.79,517.53,345.13,124.37,97.54,554.82,652.36,776.73,74.03,2.47,76.5,601.02,2316.91,6.26,73455.13,18993.76,56.12,2060.29,157.0,12229.17,46339.83,2393.0,325.83,1282.0,2703.0,1749.17,4498.67,1230.83,5855.0,78852.67
2013-12-01,17193.26,28.54,4.75,11884.98,92.32,1677.93,918.78,2513.38,-2.25,74.83,1018.33,944.26,2064.53,58.11,68.26,30.73,13.23,201.59,18.42,17.33,133.26,189.46,44.86,185.2,419.52,790.11,4.93,9.14,7.81,4.97,5.11,338.75,1.06,13.21,353.02,5.33,1.11,4.22,28.14,316.48,12.62,329.1,11.72,9.96,6.66,9.86,848.2,473.85,126.36,105.08,601.64,706.72,833.08,94.36,2.55,96.91,668.79,2920.83,5.78,85695.01,21343.08,51.38,2064.53,148.0,12236.58,46264.92,2393.0,325.92,1289.0,2703.0,1749.08,4638.33,1261.42,5862.0,78960.33
2014-01-01,15716.06,24.74,4.92,10657.38,94.0,1597.32,811.77,2446.93,-0.22,79.22,990.16,917.78,2070.98,64.22,74.26,23.96,13.86,205.74,18.28,16.51,170.34,190.94,44.92,162.61,398.48,809.34,5.56,9.26,8.11,5.69,7.46,363.65,1.22,12.39,377.26,5.47,1.28,4.18,28.16,341.24,12.04,353.28,11.65,10.35,6.98,10.12,1037.2,571.74,120.92,105.53,616.8,722.33,843.24,86.07,3.0,89.07,662.88,3204.13,5.11,75698.85,21034.01,48.64,2070.98,139.0,12244.0,46190.0,2393.0,326.0,1296.0,2703.0,1749.0,4778.0,1292.0,5869.0,79068.0
2014-02-01,14291.93,26.29,2.62,9959.62,101.79,799.06,726.17,2622.3,-14.5,68.57,890.9,829.88,2077.43,58.7,70.54,54.03,13.65,165.44,16.34,17.9,133.22,173.55,40.83,150.24,364.62,697.53,6.41,9.77,8.69,6.63,7.8,312.28,0.96,11.11,324.35,4.44,1.29,3.15,7.87,308.94,10.68,319.62,11.94,10.68,7.12,10.33,852.93,490.11,111.8,88.88,570.31,659.19,770.99,73.4,2.71,76.11,551.11,2741.24,5.46,72027.85,18728.0,50.69,2077.43,135.83,12244.67,46051.17,2393.0,326.0,1295.25,2704.08,1748.33,4886.58,1288.42,5878.58,79040.83
2014-03-01,14120.89,82.02,2.75,8610.77,89.32,960.1,954.49,3364.73,-18.55,75.26,994.22,921.85,2083.87,60.33,72.23,57.38,13.59,230.69,18.11,26.14,168.67,190.24,44.53,167.35,402.12,845.72,6.57,10.7,9.35,6.47,6.29,318.91,0.97,11.94,331.82,5.58,1.94,3.65,21.66,302.39,11.42,313.81,12.25,10.65,6.99,10.28,699.92,420.93,124.67,94.45,586.19,680.63,805.31,67.92,3.0,70.92,560.81,2557.89,29.76,62583.54,18994.26,86.53,2083.87,132.67,12245.33,45912.33,2393.0,326.0,1294.5,2705.17,1747.67,4995.17,1284.83,5888.17,79013.67
2014-04-01,15121.18,53.34,2.82,8195.34,115.19,1644.75,1424.3,3670.47,-52.51,67.48,998.48,929.56,2090.32,62.89,75.4,51.32,11.74,241.93,17.71,28.97,177.22,179.83,43.9,167.44,391.17,857.01,5.64,11.76,9.49,5.85,5.25,285.45,0.93,11.25,297.63,4.79,1.34,3.45,14.42,275.89,10.78,286.67,12.31,10.46,6.77,10.0,356.14,251.04,123.6,89.41,538.38,627.79,751.39,51.31,2.9,54.21,548.9,1961.68,20.64,59879.74,19847.01,58.12,2090.32,129.5,12246.0,45773.5,2393.0,326.0,1293.75,2706.25,1747.0,5103.75,1281.25,5897.75,78986.5
2014-05-01,16423.1,48.01,5.02,8235.18,94.67,1679.9,2078.64,4278.26,-65.47,66.73,1021.99,947.96,2096.77,68.57,81.94,49.53,14.47,252.43,18.06,33.03,148.37,182.66,43.13,176.16,401.95,853.84,5.9,13.6,9.7,5.74,5.09,312.07,0.99,11.67,324.72,5.39,0.83,4.56,26.67,291.42,11.2,302.62,12.85,10.54,6.83,10.21,203.46,176.75,127.03,92.09,513.98,606.07,733.1,46.99,3.0,49.98,646.93,1810.22,18.41,60503.63,20712.61,61.83,2096.77,126.33,12246.67,45634.67,2393.0,326.0,1293.0,2707.33,1746.33,5212.33,1277.67,5907.33,78959.33
2014-06-01,16859.79,117.59,3.31,8134.59,99.47,1627.66,2226.02,4569.44,9.46,67.48,1006.98,935.76,2103.22,69.35,86.57,63.65,15.99,244.82,17.52,34.81,150.25,187.24,42.41,173.17,402.82,850.22,6.05,16.13,9.94,5.46,4.99,344.99,1.04,11.81,357.84,5.49,1.05,4.45,28.12,322.79,11.38,334.17,12.99,10.96,7.39,10.75,125.6,141.45,123.57,91.29,494.53,585.81,709.38,45.27,2.9,48.17,720.75,1745.35,45.77,59466.79,22629.66,98.46,2103.22,123.17,12247.33,45495.83,2393.0,326.0,1292.25,2708.42,1745.67,5320.92,1274.08,5916.92,78932.17
2014-07-01,20038.76,118.95,4.27,11509.08,115.42,1663.33,2326.14,4083.97,135.47,78.45,1047.54,975.84,2109.66,75.2,91.68,58.21,17.05,231.64,17.94,34.24,115.9,193.17,44.99,179.72,417.88,817.59,5.99,17.23,10.06,5.43,4.58,371.82,1.17,12.79,385.78,6.3,1.03,5.27,27.17,351.52,12.36,363.88,13.09,11.17,7.62,11.03,112.79,137.61,130.41,99.16,505.89,605.05,735.46,48.87,3.0,51.87,843.3,1881.02,48.03,84533.66,25635.58,102.35,2109.66,120.0,12248.0,45357.0,2393.0,326.0,1291.5,2709.5,1745.0,5429.5,1270.5,5926.5,78905.0
2014-08-01,19609.77,119.51,4.11,11885.37,115.22,1508.5,1902.8,4053.28,-65.08,81.54,1045.22,974.1,2109.66,75.23,91.0,53.56,17.25,188.37,18.03,34.97,96.72,194.42,42.95,182.02,419.39,757.48,5.49,17.41,9.67,4.96,4.25,370.3,1.18,12.86,384.34,6.68,0.86,5.82,25.85,351.88,12.42,364.3,13.04,11.05,7.51,10.91,105.19,137.12,131.12,100.79,507.75,608.53,739.65,50.3,3.0,53.3,897.81,1933.06,46.42,86428.32,25279.32,102.64,2109.66,116.83,12248.67,45218.17,2393.0,326.0,1290.75,2710.58,1744.33,5538.08,1266.92,5936.08,78877.83
2014-09-01,19258.36,109.04,6.39,12433.53,126.96,1611.91,1253.37,3641.61,-6.25,78.1,1013.91,945.31,2122.56,76.76,91.37,48.43,17.3,152.87,17.65,33.13,109.55,182.76,40.64,171.97,395.37,708.56,5.51,16.27,9.39,5.02,4.34,326.76,1.09,12.04,339.89,6.03,0.77,5.27,6.63,326.91,11.62,338.53,12.95,11.16,7.37,10.83,121.74,148.91,126.84,94.66,496.33,590.99,717.83,46.97,2.9,49.87,770.95,1809.29,42.69,91144.16,25534.9,97.15,2122.56,113.67,12249.33,45079.33,2393.0,326.0,1290.0,2711.67,1743.67,5646.67,1263.33,5945.67,78850.67
2014-10-01,17837.41,50.8,4.33,12257.36,119.12,940.93,1007.93,3374.79,37.07,45.07,1041.71,969.63,2129.01,71.61,85.26,47.84,15.36,163.18,18.19,30.81,137.97,186.97,42.47,180.0,409.43,759.58,5.16,13.11,8.97,5.03,4.23,301.85,1.01,11.67,314.52,5.37,0.95,4.42,11.05,296.68,11.22,307.9,12.6,10.83,7.07,10.34,212.08,202.36,132.37,94.66,515.26,609.92,742.29,49.7,3.0,52.7,703.39,1912.81,16.74,90065.07,24204.14,65.83,2129.01,110.5,12250.0,44940.5,2393.0,326.0,1289.25,2712.75,1743.0,5755.25,1259.75,5955.25,78823.5
2014-11-01,14435.57,27.3,2.97,8879.44,138.33,1422.92,831.8,3061.16,4.45,67.19,1026.8,957.61,2135.45,64.42,73.73,41.49,15.16,177.12,18.18,25.0,179.42,185.56,41.55,173.17,400.28,800.0,4.91,10.19,8.29,5.02,4.68,304.74,0.96,11.8,317.5,5.58,0.88,4.71,25.5,285.41,11.29,296.7,12.48,10.52,6.75,10.13,543.54,361.53,127.28,94.2,565.42,659.62,786.9,62.26,2.9,65.16,600.39,2357.52,5.8,64543.5,18667.42,54.25,2135.45,107.33,12250.67,44801.67,2393.0,326.0,1288.5,2713.83,1742.33,5863.83,1256.17,5964.83,78796.33
2014-12-01,15094.8,27.18,3.93,9668.77,123.48,1529.6,987.92,2749.82,-68.62,72.72,1023.82,955.84,2141.9,55.76,62.39,62.13,14.46,212.35,18.47,21.31,139.9,194.57,43.56,183.01,421.13,813.16,5.15,10.01,8.53,5.62,4.5,324.19,1.01,12.76,337.96,5.38,1.09,4.29,20.45,309.62,12.18,321.8,12.17,10.36,6.7,10.12,716.91,426.75,132.54,99.86,590.25,690.11,822.65,71.09,3.0,74.09,638.77,2679.17,5.61,69903.7,21317.89,51.95,2141.9,104.17,12251.33,44662.83,2393.0,326.0,1287.75,2714.92,1741.67,5972.42,1252.58,5974.42,78769.17
